ward_code,ward,lga,state,worldpop_total,meta_total,meta_u5,grid3_v3_total,worldpop_u5
JI1304,Kasuwar Kofa,Hadejia,Jigawa,2216.2,1974.6,398.7,5239.4,440.3
JI0911,Zango,Gumel,Jigawa,11954.4,9539.4,1914.8,12678.1,2361.2
JI1301,Atafi,Hadejia,Jigawa,3676.6,2943.3,594.3,4769.5,730.4
JI0910,Kofar Yamma,Gumel,Jigawa,6355.2,5934.0,1191.1,8417.7,1255.3
JI1303,Gagulmari,Hadejia,Jigawa,7577.3,7158.1,1445.0,11431.8,1505.3
JI1308,Rumfa,Hadejia,Jigawa,2939.8,2961.9,598.1,5655.3,584.0
JI1306,Majema,Hadejia,Jigawa,5649.2,4750.3,959.2,7936.0,1122.2
JI0209,Kuzunzumi,Babura,Jigawa,28240.1,10751.2,2153.2,27298.9,5577.3
JI0604,Duru,Dutse,Jigawa,27529.1,25184.5,4930.5,52201.8,5325.3
JI1904,Garko,Kiyawa,Jigawa,8835.8,10739.9,2289.4,14770.2,1864.8
JI0101,Auyakayi,Auyo,Jigawa,9638.6,11916.3,2437.7,13890.3,1945.4
JI0304,Kiyako,Birnin Kudu,Jigawa,41155.8,38102.5,7657.5,45038.9,8187.0
JI2504,Danladi,Sule Tankarkar,Jigawa,20547.1,15118.7,2951.4,30541.3,3934.3
JI0208,Kanya,Babura,Jigawa,40823.1,46162.2,9224.5,47637.9,8069.8
JI0202,Batali,Babura,Jigawa,29441.0,20324.8,4062.7,29720.8,5813.7
JI2502,Amanga,Sule Tankarkar,Jigawa,15002.1,20220.6,3861.6,40317.7,2841.1
JI1704,Dandi,Kazaure,Jigawa,19629.5,20728.5,4229.8,23496.4,3945.3
JI0110,Unik,Auyo,Jigawa,36608.7,26104.3,5236.8,26850.3,7229.9
JI1004,Garbagal,Guri,Jigawa,21723.5,13521.1,2650.4,9880.7,4200.6
JI1806,Madachi,Kiri Kasama,Jigawa,18444.3,19517.8,3866.4,14752.2,3606.0
JI1003,Dawa,Guri,Jigawa,13991.9,15274.7,3002.6,14915.5,2717.9
JI1802,Bulunchai,Kiri Kasama,Jigawa,13356.0,17418.6,3450.3,10565.8,2610.6
JI2002,Dankumbo,Maigatari,Jigawa,14150.7,12151.4,2420.9,10970.8,2765.7
JI1005,Guri,Guri,Jigawa,24095.8,26673.9,5243.3,25842.3,4680.6
JI0505,Gantsa,Buji,Jigawa,14693.9,13267.4,2726.2,21841.0,2981.9
JI0103,Ayama,Auyo,Jigawa,17221.8,23253.2,4767.6,18771.5,3487.5
JI2507,Shabaru,Sule Tankarkar,Jigawa,7992.5,6596.0,1259.7,14551.7,1513.6
JI0105,Gamafoi,Auyo,Jigawa,9744.5,10270.0,2105.7,9909.4,1973.3
JI0401,Batu,Biriniwa,Jigawa,14596.4,13906.5,2839.2,16015.2,2947.2
JI0203,Dorawa,Babura,Jigawa,13422.6,13945.4,2786.4,16004.1,2650.5
JI2104,Garun Gabas,Malam Madori,Jigawa,16473.1,18280.9,3673.7,14947.5,3260.9
JI0603,Dundubus,Dutse,Jigawa,20619.6,22206.7,4362.3,30019.5,3999.2
JI0302,Kangire,Birnin Kudu,Jigawa,42495.4,41496.4,8336.9,58041.5,8450.4
JI0601,Abaya,Dutse,Jigawa,28558.7,26541.3,5374.7,28788.9,5742.6
JI0403,Dangwaleri,Biriniwa,Jigawa,11257.6,12630.1,2578.6,10379.2,2273.1
JI0201,Babura,Babura,Jigawa,19159.5,25054.7,4784.8,47077.7,3628.4
JI0109,Tsidir,Auyo,Jigawa,10706.1,9577.1,1953.7,10767.3,2157.3
JI0207,Jigawa,Babura,Jigawa,45651.1,63788.8,12706.7,48353.1,8986.2
JI2503,Dangwanki,Sule Tankarkar,Jigawa,34943.4,24692.6,4874.0,42609.6,6730.5
JI0611,Sakwaya,Dutse,Jigawa,29786.4,30911.1,6045.5,51364.0,5758.4
JI0411,Nguwa,Biriniwa,Jigawa,16721.5,11885.4,2426.1,13069.3,3374.9
JI0410,Matamu,Biriniwa,Jigawa,17947.8,14350.4,2724.4,22919.9,3302.4
JI0409,Machinamari,Biriniwa,Jigawa,19706.6,19562.3,3951.0,26229.3,3904.6
JI1006,Kadira,Guri,Jigawa,32890.1,27817.3,5448.6,20706.9,6374.6
JI0402,Birniwa,Biriniwa,Jigawa,24150.5,25462.7,5142.8,24871.2,4815.9
JI2005,Jajeri,Maigatari,Jigawa,19107.4,11577.0,2297.4,16656.7,3744.4
JI2109,Tagoro,Malam Madori,Jigawa,13090.2,16636.2,3305.5,19217.0,2563.5
JI1901,Andaza,Kiyawa,Jigawa,20232.8,19886.8,4239.2,35860.1,4270.1
JI1009,Matara Babba,Guri,Jigawa,10674.3,10675.2,2098.5,13137.4,2073.5
JI1002,Adiyani,Guri,Jigawa,7414.7,12401.0,2431.4,17409.6,1433.9
JI1808,Saleri,Kiri Kasama,Jigawa,13548.4,16119.3,3191.3,10590.0,2647.9
JI1801,Baturiya,Kiri Kasama,Jigawa,39556.9,33722.5,6672.0,28716.4,7728.9
JI1807,Marma,Kiri Kasama,Jigawa,20725.1,25604.1,5059.7,23666.5,4043.8
JI1008,Margadu,Guri,Jigawa,4366.6,4432.0,794.8,7184.5,770.9
JI1101,Basirka,Gwaram,Jigawa,20129.7,26745.6,5507.2,44808.2,4073.9
JI1007,Lafiya,Guri,Jigawa,9604.3,12635.4,2456.8,10712.5,1842.9
JI1805,Kiri Kasama,Kiri Kasama,Jigawa,31217.5,31023.7,6146.8,23467.9,6107.9
JI1010,Musari,Guri,Jigawa,27212.4,22988.1,4520.7,31767.0,5289.4
JI0906,Garin Gambo,Gumel,Jigawa,3373.5,3981.7,788.0,3803.3,659.3
JI0806,Kanya,Garki,Jigawa,16539.6,19436.3,4015.0,26665.2,3386.3
JI0810,Rafin Marke,Garki,Jigawa,20512.3,15846.7,3270.7,22813.4,4197.2
JI0311,Yalwan Damai,Birnin Kudu,Jigawa,32561.8,37972.5,7627.9,57860.9,6472.7
JI0404,Diginsa,Biriniwa,Jigawa,32362.1,27573.3,5599.4,24967.3,6499.4
JI0802,Doko,Garki,Jigawa,40607.6,33235.9,6865.7,48151.0,8314.0
JI2509,Takatsaba,Sule Tankarkar,Jigawa,17406.6,7595.1,1464.2,21368.2,3334.4
JI2308,Sintilmawa,Ringim,Jigawa,23226.5,28330.2,5546.3,46104.7,4505.1
JI2402,Baragumi,Roni,Jigawa,20570.2,17789.2,3608.2,15782.7,4106.9
JI2704,Gurjiya,Yankwashi,Jigawa,16781.4,12132.4,2538.4,23824.5,3458.9
JI0606,Kachi,Dutse,Jigawa,82020.5,72707.8,14226.9,104344.8,15863.6
JI2408,Sankau,Roni,Jigawa,8514.3,7017.8,1389.5,11532.5,1661.5
JI0408,Kazura,Biriniwa,Jigawa,20553.6,21710.7,4432.5,17622.8,4150.1
JI0508,Lelen Kudu,Buji,Jigawa,18872.3,22902.4,4706.0,19660.2,3829.9
JI1605,Girbobo,Kaugama,Jigawa,12783.3,12251.4,2468.9,15229.4,2549.2
JI2407,Roni,Roni,Jigawa,11538.6,12776.9,2529.8,19329.9,2251.6
JI0805,Jirima,Garki,Jigawa,14160.6,17868.5,3691.2,22322.4,2899.2
JI0307,Sundimina,Birnin Kudu,Jigawa,46199.5,48562.9,9853.8,75016.3,9273.4
JI0507,Kukuma,Buji,Jigawa,28707.4,30301.7,6197.8,28735.2,5785.5
JI0709,Yalawa,Gagarawa,Jigawa,4948.4,6256.9,1261.0,8654.4,985.7
JI0305,Kwangwara,Birnin Kudu,Jigawa,21671.4,25570.3,5138.9,28286.5,4311.0
JI0310,Wurno,Birnin Kudu,Jigawa,65905.2,53466.8,10756.7,57246.7,13120.0
JI0610,Madobi,Dutse,Jigawa,44143.4,44802.9,9078.4,76874.5,8833.7
JI0605,Jigawar Tsada,Dutse,Jigawa,55305.6,43107.2,8430.8,52758.6,10691.9
JI0607,Karnaya,Dutse,Jigawa,30343.8,35983.7,7037.5,30185.3,5866.1
JI2409,Tunas,Roni,Jigawa,9266.2,11277.0,2244.3,12455.9,1815.3
JI1403,Gauza,Jahun,Jigawa,31847.3,28434.9,5795.7,46354.7,6444.5
JI0609,Limawa,Dutse,Jigawa,28987.2,31452.4,6298.0,42246.1,5728.2
JI1309,Sabon Garu,Hadejia,Jigawa,28206.6,30539.7,6077.2,31583.5,5532.8
JI1110,Tsangarwa,Gwaram,Jigawa,38813.7,42480.7,8757.6,50581.1,7880.1
JI0407,Karanga,Biriniwa,Jigawa,17592.5,15850.1,3232.7,17048.8,3544.5
JI1910,Shuwarin,Kiyawa,Jigawa,38507.5,37437.4,7874.1,40694.8,8020.5
JI0503,Chirbin,Buji,Jigawa,7507.1,10725.2,2182.9,16290.4,1510.6
JI2211,Zareku,Miga,Jigawa,11962.3,13858.5,2796.5,17143.8,2395.6
JI2703,Dawan Gawo,Yankwashi,Jigawa,8025.8,7222.0,1512.2,10860.9,1654.4
JI1302,Dubantu,Hadejia,Jigawa,21610.7,19764.9,3991.0,18109.4,4293.1
JI2007,Madana,Maigatari,Jigawa,11350.8,12471.5,2468.1,11532.9,2218.6
JI2302,Dabi,Ringim,Jigawa,35157.3,28673.0,5620.4,47320.5,6830.0
JI2208,San Sani,Miga,Jigawa,10978.0,13843.8,2796.1,15975.5,2199.4
JI2406,Kwaita,Roni,Jigawa,14407.1,16982.9,3433.7,17128.2,2868.9
JI1707,Maradawa,Kazaure,Jigawa,19418.3,12495.5,2518.2,15604.5,3851.1
JI2707,Kuda,Yankwashi,Jigawa,9470.0,8192.3,1710.3,11460.8,1948.8
JI2304,Karshi,Ringim,Jigawa,19687.7,23803.7,4756.3,31146.2,3901.2
JI2404,Fara Barije,Roni,Jigawa,7347.3,7319.7,1457.6,8878.6,1441.4
JI1603,Dabuwaran,Kaugama,Jigawa,11745.8,15749.1,3134.5,21949.2,2312.1
JI2701,Achilafiya,Yankwashi,Jigawa,11993.7,11809.4,2464.2,18503.0,2463.4
JI1108,Maruta,Gwaram,Jigawa,23679.6,15168.9,3128.5,21292.1,4807.4
JI2306,Ringim,Ringim,Jigawa,73927.4,63338.0,12465.2,109008.0,14519.7
JI1305,Kasuwar Kuda,Hadejia,Jigawa,7130.7,7526.0,1519.7,7961.7,1416.5
JI2609,Sabongarin Yaya,Taura,Jigawa,16980.7,15844.3,3404.0,22515.9,3609.4
JI1202,Dabi,Gwiwa,Jigawa,13487.2,14578.9,2886.6,15489.6,2631.9
JI0504,Falgeri,Buji,Jigawa,10699.6,9122.0,1874.4,12103.2,2171.4
JI0904,Dantanoma,Gumel,Jigawa,31527.1,40516.4,8132.5,24095.0,6227.1
JI0901,Alhaji Barka,Gumel,Jigawa,11274.8,7601.5,1525.8,7044.3,2227.0
JI0902,Bekarya,Gumel,Jigawa,10600.3,13427.2,2659.1,9990.7,2074.2
JI1405,Harbo Sabuwa,Jahun,Jigawa,23998.5,26535.2,5427.8,38789.2,4870.5
JI1204,Firji,Gwiwa,Jigawa,5855.8,5237.5,1093.1,10534.2,1204.2
JI0808,Kore,Garki,Jigawa,15782.3,14563.8,2924.4,23850.8,3145.1
JI1509,Ruba,Kafin Hausa,Jigawa,48270.5,42122.9,8369.9,54576.8,9492.1
JI2403,Dansure,Roni,Jigawa,16132.1,12900.8,2572.9,24855.3,3175.1
JI1710,Unguwar Gabas,Kazaure,Jigawa,16510.4,19466.9,3914.4,33599.3,3270.1
JI1208,Rorau,Gwiwa,Jigawa,6668.2,6007.5,1190.3,8524.8,1301.9
JI2608,Majia,Taura,Jigawa,16004.4,19741.8,4191.7,23855.2,3369.1
JI1209,Shafe,Gwiwa,Jigawa,18374.9,18245.3,3612.6,28748.1,3585.7
JI0909,Kofar Arewa,Gumel,Jigawa,6733.8,6258.0,1255.8,5037.8,1329.7
JI1503,Gafaya,Kafin Hausa,Jigawa,41121.9,40080.2,7922.1,25766.1,8024.4
JI1406,Harbo Tsohuwa,Jahun,Jigawa,19087.2,14057.7,2859.0,23618.0,3847.2
JI1106,Kila,Gwaram,Jigawa,39777.9,35615.4,7345.5,49514.4,8076.2
JI1104,Farin Dutse,Gwaram,Jigawa,30207.0,17430.7,3595.0,21272.3,6133.0
JI2006,Kukayasku,Maigatari,Jigawa,30467.5,24186.2,4786.4,21262.7,5954.8
JI1705,Gada,Kazaure,Jigawa,17561.0,18647.9,3741.5,21414.1,3468.7
JI1502,Dumadumi Toka,Kafin Hausa,Jigawa,17206.2,24709.2,4883.9,20429.1,3357.5
JI0506,Kawaya,Buji,Jigawa,15779.3,14088.3,2894.9,19823.0,3202.2
JI1907,Kiyawa,Kiyawa,Jigawa,30507.9,30540.7,6482.2,51397.7,6420.9
JI1709,Unguwar Arewa,Kazaure,Jigawa,12768.8,12096.3,2448.3,25732.2,2548.7
JI2004,Galadi,Maigatari,Jigawa,20358.4,22076.4,4380.1,18968.8,3979.0
JI2410,Yanzaki,Roni,Jigawa,26471.1,19363.4,3921.0,21470.1,5289.3
JI2309,Tofa,Ringim,Jigawa,37586.4,30360.4,5954.2,55249.2,7324.5
JI0102,Auyo,Auyo,Jigawa,31050.5,22517.9,4610.5,23721.8,6280.5
JI1706,Kanti,Kazaure,Jigawa,56156.7,53725.4,10779.3,61682.2,11092.1
JI1210,Yola,Gwiwa,Jigawa,12317.3,10391.1,2103.6,16391.1,2450.2
JI2606,Kwalam,Taura,Jigawa,32826.0,28997.7,6223.0,40734.2,6972.5
JI0707,Maikilili,Gagarawa,Jigawa,10152.7,10655.3,2139.2,14570.6,2016.4
JI2010,Matoya,Maigatari,Jigawa,25673.6,23774.8,4705.0,24927.8,5017.9
JI1311,Yayari,Hadejia,Jigawa,8908.2,9277.0,1873.3,12501.0,1769.7
JI1607,Jae,Kaugama,Jigawa,19167.0,20753.5,4153.6,24889.5,3790.4
JI2706,Karkarna,Yankwashi,Jigawa,15560.5,15504.8,3237.0,17190.8,3202.2
JI2301,Chaichai,Ringim,Jigawa,26975.7,30078.2,5958.1,54924.1,5311.5
JI1604,Dakaiyyawa,Kaugama,Jigawa,25473.9,18658.8,3713.6,21790.6,5014.4
JI0908,Hammado,Gumel,Jigawa,14490.8,12259.9,2451.0,10130.3,2852.7
JI1109,Sara,Gwaram,Jigawa,39547.0,41023.4,8455.9,57985.1,8019.5
JI2305,Kyarama,Ringim,Jigawa,30999.6,30278.9,5950.4,42643.2,6031.1
JI0903,Dan Ama,Gumel,Jigawa,15615.9,10005.2,2008.3,9010.1,3083.9
JI1511,Zago Kura,Kafin Hausa,Jigawa,21865.4,21981.8,4344.8,18458.4,4266.7
JI2702,Belas,Yankwashi,Jigawa,6806.9,5751.1,1200.7,9449.3,1400.8
JI1404,Gunka,Jahun,Jigawa,28598.5,28519.3,5896.2,38608.6,5871.9
JI2401,Amaryawa,Roni,Jigawa,19320.8,19049.4,3842.4,25624.2,3838.3
JI1205,Guntai,Gwiwa,Jigawa,14727.9,10750.6,2148.6,21331.9,2896.9
JI1207,Korayel,Gwiwa,Jigawa,7055.0,8846.9,1751.7,9716.1,1376.7
JI1103,Fagam,Gwaram,Jigawa,47209.3,51283.0,10577.9,63906.5,9585.6
JI1410,Kale,Jahun,Jigawa,18030.5,16441.4,3372.9,24874.0,3671.9
JI1711,Unguwar Yamma,Kazaure,Jigawa,7140.2,5368.1,1077.0,12530.5,1410.3
JI2204,Hantsu,Miga,Jigawa,15274.9,12886.3,2600.3,20582.5,3059.0
JI1609,Marke,Kaugama,Jigawa,12857.3,14889.9,2963.5,22783.8,2530.9
JI0907,Gusau,Gumel,Jigawa,32414.6,33470.7,6718.3,26513.1,6402.4
JI1504,Jabbo,Kafin Hausa,Jigawa,29720.9,49679.3,9873.1,42564.2,5836.2
JI2108,Shaiya,Malam Madori,Jigawa,14116.4,11352.8,2257.9,18426.6,2772.0
JI1107,Kwondiko,Gwaram,Jigawa,27738.6,35286.5,7277.7,46647.3,5632.0
JI2001,Balarabe,Maigatari,Jigawa,21668.8,25579.5,5064.4,21787.0,4238.8
JI1407,Idanduna,Jahun,Jigawa,29275.6,28033.8,5751.1,37478.1,5961.9
JI2501,Albasu,Sule Tankarkar,Jigawa,10233.3,9803.7,1872.3,19628.5,1938.0
JI1105,Gwaram,Gwaram,Jigawa,50283.4,35030.9,7225.0,49636.7,10209.3
JI1902,Balago,Kiyawa,Jigawa,18528.3,16335.5,3463.3,32855.9,3890.1
JI1608,Kaugama,Kaugama,Jigawa,16962.8,16559.5,3295.8,20369.4,3339.1
JI2310,Yandutse,Ringim,Jigawa,31173.5,24206.5,5106.1,46649.9,6455.1
JI2207,Sabon Gari,Miga,Jigawa,16452.2,16327.6,3293.5,22622.1,3285.8
JI1906,Katuka,Kiyawa,Jigawa,16542.4,18690.2,3984.2,26182.8,3491.2
JI2510,Yandamo,Sule Tankarkar,Jigawa,14901.8,17722.8,3384.6,35961.9,2822.2
JI0702,Gagarawa Tasha,Gagarawa,Jigawa,11998.9,9870.0,1989.2,11509.3,2390.2
JI2206,Miga,Miga,Jigawa,24320.7,19453.4,3932.9,27252.5,4872.7
JI2411,Zugai,Roni,Jigawa,11600.9,12939.7,2616.4,14714.1,2310.8
JI1408,Jabarna,Jahun,Jigawa,18005.9,19888.1,4080.0,27065.0,3666.9
JI1401,Aujara,Jahun,Jigawa,48722.8,48178.8,9883.8,59915.1,9922.3
JI2009,Maigatari Kudu,Maigatari,Jigawa,25294.3,24846.1,4917.7,16590.7,4943.7
JI2605,Kiri,Taura,Jigawa,6917.0,9284.2,1994.6,13425.2,1470.3
JI2710,Zungumba,Yankwashi,Jigawa,8433.5,6256.9,1306.3,10407.5,1735.5
JI0510,Yayarin Tukur,Buji,Jigawa,18826.0,13287.6,2709.9,16693.3,3798.9
JI2106,Malam Madori,Malam Madori,Jigawa,21656.1,20578.4,4088.8,25310.5,4240.9
JI1701,Baauzini,Kazaure,Jigawa,18390.5,14656.6,3009.0,24917.0,3718.5
JI0706,Mai Aduwa,Gagarawa,Jigawa,12493.3,9096.4,1833.3,13709.4,2488.6
JI2202,Garbo,Miga,Jigawa,13680.7,14733.4,2973.0,21427.9,2739.8
JI1409,Jahun,Jahun,Jigawa,51852.6,44196.3,9059.1,57762.2,10548.9
JI2709,Yankwashi,Yankwashi,Jigawa,7012.8,6189.5,1293.9,11106.2,1444.9
JI0905,Galagamma,Gumel,Jigawa,13626.3,13565.5,2722.9,11276.2,2691.4
JI1908,Kwanda,Kiyawa,Jigawa,23015.8,9631.1,2051.9,34356.7,4855.5
JI1602,Askandu,Kaugama,Jigawa,14027.8,13492.3,2683.2,22106.8,2754.7
JI1703,Dabaza,Kazaure,Jigawa,21648.2,21857.6,4451.1,24272.2,4344.9
JI0704,Kore Balatu,Gagarawa,Jigawa,7270.5,8655.8,1744.5,10146.7,1448.3
JI0107,Gatafa,Auyo,Jigawa,6148.4,6907.1,1374.5,10288.2,1206.0
JI2505,Danzomo,Sule Tankarkar,Jigawa,13838.2,13416.0,2613.6,25269.1,2678.7
JI0803,Garki,Garki,Jigawa,25521.1,27213.0,5548.9,41543.2,5164.8
JI2011,Turbus,Maigatari,Jigawa,14857.2,11830.2,2349.4,13957.6,2910.8
JI2705,Gwarta,Yankwashi,Jigawa,10532.8,10637.7,2213.8,16509.1,2162.1
JI1708,Sabaru,Kazaure,Jigawa,23369.1,20449.4,4185.7,27343.7,4686.9
JI2708,Ringim,Yankwashi,Jigawa,6417.9,7510.5,1568.0,12210.3,1320.8
JI1702,Daba,Kazaure,Jigawa,22836.4,15187.4,3078.6,24581.2,4585.0
JI0701,Gagarawa Gari,Gagarawa,Jigawa,7931.9,5943.5,1197.8,8231.1,1580.0
JI0406,Kachallari,Biriniwa,Jigawa,9528.4,10490.7,2141.8,9919.2,1923.9
JI1507,Majawa,Kafin Hausa,Jigawa,34113.1,24889.8,4919.6,26335.7,6656.7
JI1601,Arbus,Kaugama,Jigawa,13064.5,15972.4,3180.9,17222.3,2569.4
JI1206,Gwiwa,Gwiwa,Jigawa,9317.1,10169.0,2013.4,16041.5,1818.1
JI2110,Tashena,Malam Madori,Jigawa,21437.9,19275.2,3874.0,17352.1,4244.2
JI0211,Takwasa,Babura,Jigawa,28473.0,36120.2,7217.1,28360.5,5622.5
JI0205,Gasakoli,Babura,Jigawa,24538.6,4207.8,840.8,27070.8,4845.6
JI1501,Bulangu,Kafin Hausa,Jigawa,66944.9,43494.0,8596.8,41631.2,13063.4
JI0804,Gwarzo,Garki,Jigawa,26277.6,13151.3,2701.1,38043.9,5295.0
JI2008,Maigatari Arewa,Maigatari,Jigawa,32768.2,34706.6,6909.0,26819.6,6404.5
JI1402,Gangawa,Jahun,Jigawa,40474.4,30441.3,6261.1,47748.8,8257.6
JI1905,Katanga,Kiyawa,Jigawa,20161.7,17589.0,3749.4,38665.1,4255.1
JI2604,Gujungu,Taura,Jigawa,20403.6,24305.0,4961.1,33675.8,4105.8
JI2201,Dangyatin,Miga,Jigawa,18620.5,18816.4,3796.9,25537.7,3729.0
JI2103,Fateka,Malam Madori,Jigawa,34812.9,34688.0,6937.8,39013.1,6850.0
JI0608,Kudai,Dutse,Jigawa,25159.1,30434.2,5952.2,56836.9,4863.8
JI2203,Gwari,Miga,Jigawa,11393.2,12087.0,2439.0,15848.2,2281.7
JI0710,Zarada,Gagarawa,Jigawa,11207.1,11275.6,2263.4,15445.3,2221.4
JI2101,Arki,Malam Madori,Jigawa,12865.3,13366.9,2657.2,19942.6,2523.7
JI1111,Zandam Nagogo,Gwaram,Jigawa,32739.1,29317.8,6046.0,34891.6,6646.3
JI1909,Maje,Kiyawa,Jigawa,16531.1,15972.1,3349.9,20968.9,3441.9
JI2107,Makaddari,Malam Madori,Jigawa,14967.8,12060.5,2397.9,16095.8,2937.0
JI0106,Gamsarka,Auyo,Jigawa,23715.5,15203.7,3066.3,18402.0,4724.7
JI1611,Yalo,Kaugama,Jigawa,9155.3,13015.2,2590.4,16616.1,1802.2
JI1510,Tsarawa,Kafin Hausa,Jigawa,38581.6,59248.8,11820.1,41227.0,7611.9
JI0108,Kafur,Auyo,Jigawa,19228.4,18474.4,3739.6,14270.5,3830.4
JI0703,Garin Chiroma,Gagarawa,Jigawa,6761.0,6805.2,1371.5,9538.0,1346.8
JI1505,Kafin Hausa,Kafin Hausa,Jigawa,64266.6,70245.4,14164.9,44389.2,12779.9
JI2209,Tsakuwawa,Miga,Jigawa,11897.3,10337.1,2085.9,15933.0,2382.6
JI2303,Kafin Babushe,Ringim,Jigawa,20332.9,19207.7,3786.5,32686.2,3986.7
JI2210,Yanduna,Miga,Jigawa,11552.2,10855.6,2190.5,15422.4,2313.5
JI2405,Gora,Roni,Jigawa,13273.1,11110.2,2246.3,16518.5,2643.3
JI1201,Buntusu,Gwiwa,Jigawa,16993.4,17911.2,3546.3,24434.9,3316.1
JI2307,Sankara,Ringim,Jigawa,38387.9,31823.5,6463.3,51407.7,7733.3
JI1203,Darina,Gwiwa,Jigawa,7639.6,8068.2,1597.5,16680.3,1490.8
JI2601,Ajaura,Taura,Jigawa,15509.2,19038.2,4017.2,26855.4,3237.4
JI2003,Fulata,Maigatari,Jigawa,7738.0,8259.5,1634.5,7415.3,1512.4
JI1508,Mezan,Kafin Hausa,Jigawa,49947.0,39282.6,7866.0,49262.3,9879.1
JI2111,Toni Kutara,Malam Madori,Jigawa,45690.2,39543.6,7873.8,40554.7,8962.7
JI1506,Kwazailewa,Kafin Hausa,Jigawa,18389.7,20548.4,4095.2,18210.7,3631.4
JI0801,Buduru,Garki,Jigawa,5498.0,7322.5,1472.4,14579.6,1104.2
JI0705,Madaka,Gagarawa,Jigawa,8348.3,10566.9,2118.6,11234.0,1654.9
JI0811,Sayori,Garki,Jigawa,10992.8,17918.3,3701.4,27032.7,2250.7
JI2102,Dunari,Malam Madori,Jigawa,44749.2,34610.1,6903.1,34301.7,8812.8
JI2607,Maje,Taura,Jigawa,15649.2,18595.5,3993.8,26471.9,3324.3
JI0501,Ahoto,Buji,Jigawa,17676.7,6745.4,1384.9,17659.5,3580.5
JI1610,Unguwar Jibrin,Kaugama,Jigawa,14954.7,14120.0,2811.5,21262.1,2947.4
JI2603,Chukwaikwaiwa,Taura,Jigawa,11892.7,13003.3,2710.3,17161.7,2470.6
JI1606,Hadin,Kaugama,Jigawa,12679.4,7815.5,1555.6,12122.7,2496.1
JI1307,Matsaro,Hadejia,Jigawa,25745.2,25763.4,5202.3,21592.5,5114.4
JI1211,Zauma,Gwiwa,Jigawa,24757.4,21032.8,4193.6,39264.2,4858.4
JI0306,Lafia,Birnin Kudu,Jigawa,34470.8,32848.2,6601.6,41856.1,6857.1
JI0807,Kargo,Garki,Jigawa,25436.4,16261.1,3168.8,44810.7,4948.8
JI0509,Madabe,Buji,Jigawa,10304.0,6963.4,1425.2,12801.8,2080.1
JI0708,Medu,Gagarawa,Jigawa,9680.0,9331.4,1880.6,14877.6,1928.2
JI1809,Tasheguwa,Kiri Kasama,Jigawa,16932.6,18109.1,3591.2,17180.6,3312.3
JI1804,Gayin,Kiri Kasama,Jigawa,13441.7,20060.8,3985.9,14495.9,2642.6
JI0405,Fagi,Biriniwa,Jigawa,15541.9,12994.8,2653.0,13016.7,3138.1
JI1001,Abunabo,Guri,Jigawa,22344.3,18093.9,3559.4,19004.8,4342.0
JI0308,Surko,Birnin Kudu,Jigawa,27521.1,25703.8,5176.0,27240.6,5482.5
JI1411,Kanwa,Jahun,Jigawa,21299.8,27894.7,5722.6,25647.3,4337.7
JI1102,Dingaya,Gwaram,Jigawa,40156.8,45731.7,9398.9,55975.1,8115.1
JI1903,Fake,Kiyawa,Jigawa,19883.8,24445.5,5211.0,39923.3,4196.2
JI2506,Jeke,Sule Tankarkar,Jigawa,10872.1,13840.2,2663.2,27415.7,2059.0
JI1803,Fandum,Kiri Kasama,Jigawa,49895.9,49015.9,9711.3,40885.7,9760.4
JI2508,Sule Tankarkar,Sule Tankarkar,Jigawa,33677.7,23471.7,4500.6,48405.8,6411.0
JI2105,Mairakumi,Malam Madori,Jigawa,14641.7,15638.4,3123.5,18929.3,2882.5
JI0104,Ayan,Auyo,Jigawa,17793.6,14789.7,2936.1,13653.9,3483.6
JI1911,Tsirma,Kiyawa,Jigawa,22344.3,25036.8,5274.4,29477.5,4665.5
JI0602,Chamo,Dutse,Jigawa,20757.3,18296.9,3642.8,36916.4,4076.7
JI0502,Buji,Buji,Jigawa,8882.4,12299.1,2524.7,14187.2,1799.6
JI0303,Kantoga,Birnin Kudu,Jigawa,43889.5,48215.0,9675.3,67178.5,8714.4
JI2602,Chukuto,Taura,Jigawa,14843.7,16911.6,3539.2,40885.1,3091.0
JI0206,Insharuwa,Babura,Jigawa,35364.5,50316.6,9984.5,41873.1,6922.5
JI0301,Birnin Kudu,Birnin Kudu,Jigawa,71390.0,58303.1,11717.3,90873.4,14201.4
JI2205,Koya,Miga,Jigawa,10288.1,11249.6,2265.4,9404.3,2058.3
JI0204,Garu,Babura,Jigawa,33358.2,14839.1,2965.0,25308.4,6587.1
JI0809,Muku,Garki,Jigawa,37252.4,29119.3,5931.3,32822.3,7507.4
JI2610,Taura,Taura,Jigawa,32442.1,31191.8,6700.1,41959.3,6895.0
JI0309,Unguwar Ya,Birnin Kudu,Jigawa,23320.2,29172.2,5840.9,44436.6,4622.5
JI0210,Kyambo,Babura,Jigawa,13395.3,837.8,167.4,16645.8,2645.0
JI1810,Turabu,Kiri Kasama,Jigawa,30657.5,30671.8,6072.6,22128.0,5991.8
JI1310,Yankoli,Hadejia,Jigawa,19669.3,16154.8,3240.2,11974.0,3878.8
GMSGME04,Bolari West,Gombe,Gombe,12268.6,9285.6,1822.2,42591.3,2356.0
GMSGME06,Herwa Gana,Gombe,Gombe,2665.2,2116.7,415.4,10607.2,511.8
GMSGME10,Pantami,Gombe,Gombe,22494.3,17727.0,3478.7,93186.5,4319.7
GMSGME07,Jekadafari,Gombe,Gombe,13932.8,14022.9,2751.8,42717.2,2675.6
GMSGME08,Kumbiya Kumbiya,Gombe,Gombe,2719.7,2381.2,467.3,7908.4,522.3
GMSFKY04,Bajoga West,Funakaye,Gombe,38439.8,42522.2,7921.7,48141.8,7002.1
GMSYDB06,Kanawa / Wajari,Yamaltu/Deba,Gombe,17026.4,6998.2,1376.9,34540.7,3290.1
GMSBLG01,Bambam,Balanga,Gombe,22687.5,30891.3,6231.7,33452.2,4490.3
GMSBLR08,Tanglang,Billiri,Gombe,15556.9,18329.7,3664.4,10554.0,3042.3
GMSDKU09,Wuro Tale,Dukku,Gombe,19736.1,13614.8,2720.0,23009.9,3867.3
GMSBLR10,Tudu Kwaya,Billiri,Gombe,27626.0,24268.2,4843.5,24047.6,5399.5
GMSYDB09,Lubo / Difa / Kinafa,Yamaltu/Deba,Gombe,22794.4,18116.1,3564.3,35518.9,4404.7
GMSAKK01,Akko,Akko,Gombe,19146.5,23779.5,4706.4,39751.5,3708.3
GMSBLG04,Degri,Balanga,Gombe,54383.2,49627.5,9781.2,62507.8,10510.6
GMSKWM01,Bojude,Kwami,Gombe,28826.7,37474.5,7557.5,30352.2,5703.7
GMSGME05,Dawaki,Gombe,Gombe,116189.5,170863.3,31155.5,3634.3,20702.0
GMSGME03,Bolari East,Gombe,Gombe,127948.7,63265.7,11532.2,1090.6,22779.1
GMSGME09,Nasarawo,Gombe,Gombe,70328.4,0.0,0.0,658.0,12519.7
GMSAKK04,Kashere,Akko,Gombe,38341.7,35268.1,6953.8,68927.0,7397.8
GMSNFD10,Nafada West,Nafada,Gombe,5267.4,3425.9,619.7,4472.8,934.0
GMSAKK07,Kumo North,Akko,Gombe,7082.3,10003.7,1963.1,33481.8,1360.0
GMSKLT03,Bule / Kaltin,Kaltungo,Gombe,6053.0,4612.7,902.7,4962.3,1160.2
GMSKWM08,Kwami,Kwami,Gombe,61564.8,64773.0,12955.6,113646.6,12057.8
GMSNFD07,Jigawa,Nafada,Gombe,9380.4,17023.8,3079.5,11628.3,1663.3
GMSDKU02,Hashidu,Dukku,Gombe,10493.5,11575.8,2312.7,13419.2,2056.2
GMSKLT07,Tungo,Kaltungo,Gombe,13426.2,13576.7,2689.3,13133.7,2601.7
GMSNFD09,Nafada East,Nafada,Gombe,14766.2,7188.7,1300.4,10266.8,2618.3
GMSKLT05,Kaltungo West,Kaltungo,Gombe,65424.3,57121.6,11496.1,57602.6,12886.0
GMSBLR01,Banganje North,Billiri,Gombe,14151.7,13859.6,2765.0,13684.3,2762.8
GMSKLT09,Wange,Kaltungo,Gombe,30330.9,28525.1,5582.6,22647.0,5813.6
GMSBLG05,Gelengu,Balanga,Gombe,54577.0,57501.4,11376.4,72102.7,10559.4
GMSKLT10,Yiri,Kaltungo,Gombe,6850.8,6314.9,1237.8,4780.6,1315.1
GMSBLG03,Dadiya,Balanga,Gombe,16924.5,9734.7,1963.5,16154.0,3345.0
GMSDKU11,Zaune,Dukku,Gombe,15201.2,7999.5,1598.2,17204.7,2978.7
GMSBLG07,Mona,Balanga,Gombe,22476.5,29017.9,5849.4,38020.6,4441.4
GMSYDB10,Nono / Kunuwal / Wuro Birdeka,Yamaltu/Deba,Gombe,13805.3,9700.7,1906.4,48769.7,2655.2
GMSSHM08,Kushi,Shomgom,Gombe,13483.0,12952.8,2608.6,13816.6,2657.2
GMSAKK06,Kumo East,Akko,Gombe,29794.6,16558.2,3266.2,64756.5,5763.1
GMSNFD05,Birin Fulani West,Nafada,Gombe,14230.9,14435.1,2611.3,19877.2,2523.4
GMSFKY03,Bajoga East,Funakaye,Gombe,58237.2,52921.7,9859.1,56484.3,10608.4
GMSSHM06,Gwandum,Shomgom,Gombe,25713.1,29460.4,5844.4,32590.6,5013.8
GMSYDB04,Jagali North,Yamaltu/Deba,Gombe,37232.3,32952.4,6512.1,84550.6,7225.4
GMSBLR05,Billiri South,Billiri,Gombe,81933.4,75470.3,15087.7,66652.9,16022.9
GMSYDB02,Gwani / Shinga / Wade,Yamaltu/Deba,Gombe,53373.5,57479.8,11327.6,89267.2,10339.4
GMSSHM04,Filiya,Shomgom,Gombe,26576.5,26885.4,5411.7,30552.2,5235.3
GMSNFD01,Barwo Nasarawo,Nafada,Gombe,8477.4,9450.2,1709.5,11282.2,1503.2
GMSBLR07,Tal,Billiri,Gombe,33402.1,38206.5,7638.1,27730.4,6532.1
GMSSHM02,Boh,Shomgom,Gombe,12575.0,13864.2,2792.7,10598.6,2478.4
GMSKWM07,Komfulata,Kwami,Gombe,19174.6,20272.2,3985.6,46097.9,3689.5
GMSAKK08,Kumo West,Akko,Gombe,31412.5,31805.9,6272.8,86326.6,6070.6
GMSNFD03,Birin Bolawa,Nafada,Gombe,17824.2,24527.3,4535.9,26020.7,3224.0
GMSFKY02,Bage,Funakaye,Gombe,67142.4,54682.2,10126.5,59212.2,12144.2
GMSKWM05,Gadam,Kwami,Gombe,43082.6,45533.8,9198.2,44176.1,8538.9
GMSAKK10,Tukulma,Akko,Gombe,13346.0,10982.3,2155.1,52548.5,2562.9
GMSFKY10,Wawa / Wakkaltu,Funakaye,Gombe,7832.4,5376.1,1001.5,9323.0,1426.7
GMSBLR03,Bare,Billiri,Gombe,36951.4,32806.9,6558.6,26808.4,7226.2
GMSKWM03,Doho,Kwami,Gombe,36850.1,24680.3,4988.6,48638.7,7307.0
GMSKLT02,Baule Central,Kaltungo,Gombe,10601.8,9927.7,1942.9,8173.3,2032.1
GMSGME01,Ajiya,Gombe,Gombe,21433.2,22976.7,4508.9,42299.6,4115.9
GMSDKU06,Malala,Dukku,Gombe,24303.4,29832.5,5963.4,33853.8,4765.6
GMSBLG08,Nyuwar / Jessu,Balanga,Gombe,18351.1,14739.3,2973.4,22431.2,3632.0
GMSYDB08,Lano / Kuri / Lambam,Yamaltu/Deba,Gombe,35760.5,52705.1,10367.6,80353.1,6905.4
GMSAKK02,Garko,Akko,Gombe,126434.2,133987.8,26293.3,355903.3,24279.7
GMSKLT06,Kamo,Kaltungo,Gombe,37498.2,38202.6,7522.0,38706.6,7232.5
GMSDKU04,Kunde,Dukku,Gombe,8963.9,12255.6,2497.0,13122.8,1789.4
GMSBLR09,Todi,Billiri,Gombe,18605.7,16282.5,3259.6,14635.1,3647.3
GMSSHM10,Lapan,Shomgom,Gombe,20404.4,25420.7,5120.6,18752.0,4022.1
GMSKLT04,Kaltungo East,Kaltungo,Gombe,38058.7,37750.3,7578.4,29553.5,7483.2
GMSDKU08,Waziri South,Dukku,Gombe,63608.6,69417.0,13835.2,79393.0,12434.6
GMSKWM09,Malam Sidi,Kwami,Gombe,29079.1,44205.5,8935.2,36321.1,5766.1
GMSAKK05,Kumo Central,Akko,Gombe,20286.5,22027.5,4322.6,75368.1,3895.7
GMSKLT08,Ture,Kaltungo,Gombe,16680.9,14713.2,2892.9,12787.1,3213.6
GMSAKK09,Pindiga,Akko,Gombe,27710.8,22726.6,4467.2,59276.3,5337.1
GMSFKY09,Tongo,Funakaye,Gombe,33483.8,23499.1,4377.8,30010.2,6099.3
GMSBLG02,Bangu,Balanga,Gombe,27614.8,22472.3,4533.4,42638.2,5465.5
GMSDKU10,Zange,Dukku,Gombe,42592.8,49120.9,9857.7,24259.1,8385.4
GMSFKY07,Ribadu,Funakaye,Gombe,40970.6,25550.8,4955.0,33248.8,7815.7
GMSYDB11,Zambuk / Kwali,Yamaltu/Deba,Gombe,31702.3,8951.2,1761.2,45685.6,6126.1
GMSSHM09,Lalaipido,Shomgom,Gombe,15703.2,15426.2,3107.3,12733.9,3095.4
GMSFKY08,Tilde / Bodor,Funakaye,Gombe,14073.6,12102.3,2254.6,19642.8,2563.8
GMSFKY01,Ashaka / Magaba,Funakaye,Gombe,37187.9,43945.3,8186.8,46053.0,6774.1
GMSSHM07,Kulishin,Shomgom,Gombe,22691.1,17955.2,3607.9,13978.4,4459.6
GMSYDB07,Kwadon / Liji / Kurba,Yamaltu/Deba,Gombe,158201.3,200672.0,37116.4,143770.5,28951.3
GMSNFD04,Birin Fulani East,Nafada,Gombe,8477.9,6952.2,1276.1,12410.8,1523.4
GMSYDB05,Jagali South,Yamaltu/Deba,Gombe,17546.8,30434.2,5987.9,45083.7,3390.7
GMSSHM05,Gundale,Shomgom,Gombe,6542.8,8773.6,1734.5,7736.6,1269.9
GMSFKY06,Kupto,Funakaye,Gombe,24382.4,20567.8,3831.7,20507.6,4441.5
GMSKWM10,Malleri,Kwami,Gombe,19001.9,18305.5,3686.4,16371.7,3750.5
GMSBLR04,Billiri North,Billiri,Gombe,18077.3,17551.0,3508.7,13222.8,3535.2
GMSFKY05,Jillahi,Funakaye,Gombe,25211.7,22136.8,4124.0,23736.8,4592.5
GMSGME11,Shamaki,Gombe,Gombe,41696.9,38087.2,7474.1,147846.2,8007.3
GMSNFD06,Gudukku,Nafada,Gombe,7115.5,8593.7,1554.6,6445.9,1261.7
GMSKWM06,Jurara,Kwami,Gombe,14442.7,13792.4,2787.8,13614.3,2863.9
GMSYDB03,Hinna,Yamaltu/Deba,Gombe,45170.6,60044.5,11813.7,76121.4,8728.6
GMSSHM03,Burak,Shomgom,Gombe,6122.5,7599.0,1527.5,6991.5,1204.8
GMSBLR06,Kalmai,Billiri,Gombe,14270.1,14508.0,2900.4,12931.9,2790.6
GMSDKU05,Lafiya Tale,Dukku,Gombe,8809.1,10819.0,2162.0,12987.1,1726.7
GMSYDB01,Deba,Yamaltu/Deba,Gombe,38802.0,36232.2,7128.7,55097.6,7496.8
GMSAKK11,Tumu,Akko,Gombe,14806.6,15260.8,2994.9,57004.4,2843.4
GMSSHM01,Bangunji,Shomgom,Gombe,15295.4,14099.5,2835.7,13745.6,3012.2
GMSBLR02,Banganje South,Billiri,Gombe,21935.2,25593.9,5116.6,17781.3,4289.7
GMSDKU01,Gombe Abba,Dukku,Gombe,23661.1,30005.0,5997.4,25459.2,4640.7
GMSNFD02,Barwo Winde,Nafada,Gombe,10868.7,10008.3,1810.5,13951.9,1927.2
GMSKWM02,Daban Fulani,Kwami,Gombe,14182.3,15963.8,3150.5,28090.6,2766.9
GMSDKU03,Jamari,Dukku,Gombe,44940.4,29986.0,5923.7,48893.6,8750.0
GMSKLT01,Awak,Kaltungo,Gombe,49847.3,50399.1,9865.7,61168.7,9555.9
GMSGME02,Bajoga,Gombe,Gombe,15523.2,13636.5,2676.0,50924.7,2981.0
GMSBLG09,Swa,Balanga,Gombe,38036.1,32869.8,6582.6,63696.3,7489.3
GMSAKK03,Kalshingi,Akko,Gombe,13888.9,10133.9,1988.6,66871.3,2667.2
GMSDKU07,Waziri North,Dukku,Gombe,36712.2,28547.3,5703.3,50141.8,7193.8
GMSBLG10,Talasse,Balanga,Gombe,28047.2,31066.7,6231.2,45058.0,5500.9
GMSKWM04,Dukul,Kwami,Gombe,58325.5,47669.2,9595.6,42749.2,11496.0
GMSNFD08,Nafada Central,Nafada,Gombe,40750.4,26223.8,4743.8,41894.1,7225.8
GMSBLG06,Kindiyo,Balanga,Gombe,18212.8,21076.0,4251.7,29460.2,3604.7
KN3809,Unguwa Uku Kauyen Alu,Tarauni,Kano,19135.1,14893.1,2753.2,68471.5,3571.9
KN1209,Sabon Gari West,Fagge,Kano,31029.9,23786.4,4636.2,24711.4,5659.5
KN2105,Kan Karofi,Kano Municipal,Kano,32936.6,24805.7,4503.9,21968.4,5383.3
KN3801,Babban Giji,Tarauni,Kano,34782.7,25612.2,4258.5,36290.8,6208.6
KN2109,Tudun Nufawa,Kano Municipal,Kano,18766.2,17273.7,3187.7,16905.2,2988.8
KN2111,Yakasai,Kano Municipal,Kano,32658.3,31062.9,5699.4,23871.1,5245.6
KN0712,Yalwa,Dala,Kano,39447.6,37643.6,6946.7,19321.5,6282.6
KN3804,Gyadi Gyadi Arewa,Tarauni,Kano,5044.8,4137.9,673.6,8399.6,911.6
KN3805,Gyadi Gyadi Kudu,Tarauni,Kano,8183.2,6271.5,1020.9,12092.8,1478.7
KN1810,Sani Mai Nagge,Gwale,Kano,81407.7,70753.4,12566.0,38464.1,13351.0
KN3808,Unguwa Uku Cikin Gari,Tarauni,Kano,7807.2,6316.5,1153.8,31618.0,1441.1
KN0706,Gwammaja,Dala,Kano,24555.7,16260.5,3145.0,35722.9,4418.6
KN2108,She She,Kano Municipal,Kano,11456.7,11081.2,2044.9,10196.0,1824.7
KN1202,Fagge B,Fagge,Kano,16775.4,16187.3,2987.2,9113.4,2671.7
KN1204,Fagge D1,Fagge,Kano,6222.4,6572.7,1212.9,4521.3,991.0
KN1804,Galadanchi,Gwale,Kano,15798.7,14261.3,2605.1,14972.5,2524.0
KN0711,Madigawa,Dala,Kano,17501.4,16404.6,3027.3,13192.6,2787.4
KN1201,Fagge A,Fagge,Kano,43572.5,36966.2,6557.5,14892.6,7267.1
KN2708,Kurun Sumau,Kura,Kano,12648.0,10490.0,1977.4,30983.9,2350.0
KN4211,Zango,Ungogo,Kano,36130.3,30641.9,6234.8,176775.7,7232.4
KN0708,Kantudu,Dala,Kano,9752.8,8799.8,1623.9,7545.2,1553.3
KN0704,Dogon Nama,Dala,Kano,24989.3,26725.3,4931.9,15743.8,3979.9
KN3803,Daurawa,Tarauni,Kano,10781.3,11498.1,1875.0,17544.2,1946.6
KN3107,Hotoro South,Nassarawa,Kano,27329.5,23961.7,4538.0,55554.2,5292.2
KN3104,Giginyu,Nassarawa,Kano,133779.0,133345.9,22076.2,196228.5,24392.8
KN2101,Chedi,Kano Municipal,Kano,7769.7,8419.6,1553.7,7782.8,1237.4
KN3102,Gama,Nassarawa,Kano,11087.2,9005.3,1832.3,49752.5,2219.4
KN1203,Fagge C,Fagge,Kano,39913.2,36541.5,6718.8,9622.0,6382.8
KN0707,Kabuwaya,Dala,Kano,21820.7,18088.5,3338.0,9759.4,3475.3
KN0701,Adakawa,Dala,Kano,9829.2,10883.3,2011.9,11155.0,1574.8
KN1807,Gyaranya,Gwale,Kano,10359.5,10701.0,1974.7,10148.0,1649.9
KN1805,Goron Dutse,Gwale,Kano,37399.6,36185.4,6672.3,20603.0,5991.7
KN1207,Rijiyar Lemo,Fagge,Kano,9485.0,7259.0,1477.0,35754.7,1898.7
KN1809,Mandawari,Gwale,Kano,13586.3,14557.7,2686.5,13605.6,2163.8
KN2104,Jakara,Kano Municipal,Kano,8065.5,6952.9,1283.1,8401.3,1284.6
KN0702,Bakin Ruwa,Dala,Kano,15503.5,16676.2,3077.4,15857.7,2469.2
KN2112,Zaitawa,Kano Municipal,Kano,36268.9,31179.6,5753.8,21070.8,5776.4
KN1801,Dandago,Gwale,Kano,20143.7,20207.0,3729.0,17724.2,3208.2
KN2102,Dan Agundi,Kano Municipal,Kano,8762.4,5980.5,1051.2,13786.5,1509.0
KN1903,Gwarzo,Gwarzo,Kano,17619.4,16231.9,3386.8,35431.5,3625.3
KN0705,Gobirawa,Dala,Kano,71553.8,66776.2,12541.0,181671.1,13156.1
KN3105,Gwagwarwa,Nassarawa,Kano,4745.3,3983.7,810.6,15851.4,949.9
KN2106,Shahuchi,Kano Municipal,Kano,26507.3,25856.2,4771.5,23825.6,4221.7
KN1802,Diso,Gwale,Kano,5769.1,3725.4,664.5,7575.3,951.6
KN3807,Tarauni,Tarauni,Kano,36690.8,37835.6,6158.8,33055.8,6630.1
KN1210,Yammata,Fagge,Kano,14781.2,11375.9,2314.7,50433.1,2958.8
KN0408,Kofa,Bebeji,Kano,8013.2,10145.6,2029.8,23332.4,1585.2
KN2103,Gandu Albasa,Kano Municipal,Kano,75779.8,63945.3,11011.1,63222.2,13237.5
KN1102,Dogon Kawo,Doguwa,Kano,20889.2,15606.9,3123.1,22462.5,4121.2
KN2009,Kanwa,Kabo,Kano,23550.4,20856.0,3960.4,19931.1,4405.2
KN4201,Bachirawa,Ungogo,Kano,47785.6,45857.1,9331.5,181676.5,9566.7
KN1702,Gawo,Gezawa,Kano,8304.8,2759.5,552.7,22767.6,1638.4
KN2204,Kwanyawa,Karaye,Kano,27082.8,29155.1,6018.7,26141.2,5526.2
KN3407,Rogo Sabon Gari,Rogo,Kano,23830.9,26059.0,5448.5,37129.0,4938.2
KN2609,Shuwaki,Kunchi,Kano,25096.8,22074.7,4476.0,38507.9,5026.0
KN3509,Shanono,Shanono,Kano,39856.4,22086.4,4672.0,57220.4,8300.8
KN4102,Burun-Burun,Tudun Wada,Kano,37194.6,34948.7,7036.6,47251.8,7403.4
KN2503,Danbare,Kumbotso,Kano,164043.5,186624.7,30824.2,115853.5,26197.4
KN4101,Baburi,Tudun Wada,Kano,41220.0,45033.3,9027.2,43086.8,8188.1
KN0908,Jido,Dawakin Kudu,Kano,13497.9,11588.2,2197.4,35161.5,2531.7
KN0810,San San,Dambatta,Kano,15545.9,12164.8,2426.0,23074.4,3061.2
KN0107,Gurduba,Ajingi,Kano,14607.2,17368.8,3461.0,24622.6,2873.8
KN0808,Kore,Dambatta,Kano,24575.7,4097.7,817.5,34184.5,4848.6
KN1706,Mesar Tudu,Gezawa,Kano,22027.7,5854.2,1182.4,38794.3,4381.0
KN0304,Gogori,Bagwai,Kano,46657.0,29329.0,6102.8,36580.2,9581.9
KN0310,Wuro Bagga,Bagwai,Kano,47878.9,24494.3,5051.2,31351.8,9729.0
KN0412,Rantan,Bebeji,Kano,23282.5,15428.8,3090.6,27751.4,4612.4
KN2610,Yandadi,Kunchi,Kano,16304.8,13265.1,2684.3,26697.3,3259.6
KN1703,Gezawa,Gezawa,Kano,19692.2,387.4,78.2,43227.3,3912.6
KN2203,Kurugu,Karaye,Kano,28568.0,24524.6,5049.8,24827.3,5812.4
KN1910,Unguwar Tudu,Gwarzo,Kano,40834.1,38149.6,7982.3,42267.4,8431.4
KN1004,Dawanau,Dawakin Tofa,Kano,61397.9,60351.2,12303.5,97631.7,12325.3
KN3409,Zarewa,Rogo,Kano,23266.6,24288.4,5078.3,39159.0,4821.3
KN1701,Babawa,Gezawa,Kano,53573.0,57170.1,11466.2,89007.8,10582.2
KN1103,Doguwa,Doguwa,Kano,20683.0,20830.6,4169.5,26288.7,4081.9
KN2302,Fammar,Kibiya,Kano,15596.0,25018.5,5022.1,21357.3,3097.5
KN1605,Gaya South,Gaya,Kano,17004.7,17219.0,3434.8,60197.4,3348.4
KN0608,Kulluwa,Bunkure,Kano,25943.2,24787.9,5118.2,25422.7,5302.1
KN4308,Juma Galadima,Warawa,Kano,12714.9,9407.8,1784.4,24844.7,2387.5
KN1803,Dorayi,Gwale,Kano,498639.8,450398.4,73047.7,362735.8,78955.2
KN3914,Yanoko,Tofa,Kano,14778.0,15495.1,3153.1,19890.2,2962.1
KN2907,Maitsidau,Makoda,Kano,18116.3,20582.9,4197.4,18024.3,3644.0
KN3912,Wangara,Tofa,Kano,18125.6,14393.9,2867.0,16061.2,3556.4
KN2905,Koguna,Makoda,Kano,30407.6,36518.8,7478.6,27576.1,6151.1
KN3508,Shakogi,Shanono,Kano,19454.2,17300.9,3617.7,26301.3,4030.0
KN0809,Saidawa,Dambatta,Kano,40616.7,47757.1,9570.5,58908.4,8039.6
KN3109,Kawaji,Nassarawa,Kano,70895.3,62776.7,12243.8,127482.8,13837.5
KN1905,Kutama,Gwarzo,Kano,52539.8,42528.7,8873.6,45863.7,10810.4
KN0603,Bunkure,Bunkure,Kano,37479.3,32054.1,6618.2,47498.0,7660.0
KN0902,Danbagina,Dawakin Kudu,Kano,13815.8,21568.9,4136.6,41183.4,2611.3
KN3305,Gulu,Rimin Gado,Kano,17764.1,18149.5,3527.6,23663.0,3405.7
KN0807,Gwarabjawa,Dambatta,Kano,41667.6,62614.2,12486.6,75454.6,8203.4
KN3802,Darmanawa,Tarauni,Kano,65337.3,65597.7,11474.0,84662.9,11322.9
KN0411,Ranka,Bebeji,Kano,29670.9,28563.2,5714.7,33571.3,5869.5
KN0207,Gagarame,Albasu,Kano,43502.7,42310.0,8269.5,46479.4,8391.8
KN3303,Doka Dawa,Rimin Gado,Kano,21517.7,21627.8,4306.7,20294.3,4227.2
KN4204,Kadawa,Ungogo,Kano,39378.8,38910.8,7917.2,130931.1,7882.7
KN0501,Badume,Bichi,Kano,63078.3,73923.9,14950.8,88438.2,12579.0
KN0604,Chirin,Bunkure,Kano,19622.4,23388.9,4821.1,29137.9,3983.3
KN2107,Sharada,Kano Municipal,Kano,73072.5,52819.1,8900.7,59744.5,12034.3
KN1003,Dawaki West,Dawakin Tofa,Kano,14799.5,14410.1,2937.7,24601.9,2970.9
KN0108,Kunkurawa,Ajingi,Kano,17851.4,18180.6,3625.5,38792.8,3513.8
KN0506,Kwamarawa,Bichi,Kano,17048.5,20993.6,4253.4,28771.7,3407.1
KN3301,Butu-Butu,Rimin Gado,Kano,22829.1,24607.0,4774.5,22417.6,4370.8
KN0106,Gafasa,Ajingi,Kano,19538.1,20281.3,4037.6,37041.8,3840.7
KN3502,Dutsen Bakoshi,Shanono,Kano,21188.0,18954.4,4019.3,38717.9,4439.4
KN4010,Zarogi,Tsanyawa,Kano,26963.4,23341.1,4893.4,21873.2,5572.8
KN1406,Katumari,Garko,Kano,14174.1,13261.5,2604.4,19886.1,2761.6
KN0105,Dundun,Ajingi,Kano,19065.3,19563.2,3902.4,27666.2,3754.4
KN3611,Sumaila,Sumaila,Kano,44614.0,28442.1,5628.1,49284.7,8752.5
KN2414,Yalwa,Kiru,Kano,47496.1,43193.8,8617.7,67676.7,9352.4
KN3903,Gajida,Tofa,Kano,7499.3,7826.2,1595.2,9449.2,1505.2
KN2201,Daura,Karaye,Kano,33419.5,22735.1,4676.9,22413.7,6795.1
KN2210,Yola,Karaye,Kano,18588.1,15135.0,3113.5,13291.2,3779.5
KN0109,Toranke,Ajingi,Kano,29897.6,26741.5,5310.4,63993.7,5854.2
KN3705,Farun Ruwa,Takai,Kano,16474.0,16994.7,3273.2,38056.3,3142.6
KN0307,Rimin Dako,Bagwai,Kano,23395.2,29931.7,6136.4,32777.6,4721.2
KN1401,Dal,Garko,Kano,31261.6,35994.4,7166.4,43131.8,6148.5
KN4008,Yankamaye,Tsanyawa,Kano,30756.5,34006.8,7140.0,32014.3,6365.3
KN1001,Danguguwa,Dawakin Tofa,Kano,29602.8,26946.2,5493.4,36070.7,5942.6
KN4109,Shuwaki,Tudun Wada,Kano,24728.7,21486.4,4348.2,26766.9,4957.1
KN4111,Yaryasa,Tudun Wada,Kano,46238.9,40426.4,8164.6,40114.6,9230.2
KN4405,Indabo,Wudil,Kano,11003.8,12030.5,2211.2,21288.0,1987.9
KN4310,Madari,Warawa,Kano,8323.6,11255.1,2168.4,22181.1,1580.2
KN3308,Rimin Gado,Rimin Gado,Kano,28869.6,22640.9,4402.3,26847.0,5538.8
KN3304,Dugurawa,Rimin Gado,Kano,15684.9,10294.8,2022.6,9497.1,3030.9
KN0907,Gurjiya,Dawakin Kudu,Kano,29868.5,29097.4,5556.3,27103.7,5614.7
KN0306,Kwajale,Bagwai,Kano,21636.1,28421.0,5830.5,36127.3,4369.3
KN3901,Dindere,Tofa,Kano,7165.5,7999.0,1630.7,9071.9,1438.4
KN4007,Tsanyawa,Tsanyawa,Kano,30421.1,33040.7,6927.0,30758.7,6287.5
KN0909,Tanburawa,Dawakin Kudu,Kano,71896.4,55137.1,10609.3,56557.0,13639.3
KN2707,Sarkin Kura,Kura,Kano,15110.0,14071.7,2652.5,34930.6,2807.4
KN0609,Kumurya,Bunkure,Kano,28418.6,27472.2,5444.4,41599.5,5581.4
KN0401,Anadariya,Bebeji,Kano,9379.1,9204.0,1841.5,8445.4,1855.4
KN1205,Fagge D2,Fagge,Kano,24943.9,21141.2,4117.5,23719.0,4594.6
KN2603,Gwarmai,Kunchi,Kano,19486.7,25519.8,5211.1,32836.5,3925.5
KN3910,Tofa,Tofa,Kano,15494.7,14377.4,2916.7,31350.6,3098.9
KN1909,Sabon Birni,Gwarzo,Kano,25811.5,24558.0,5114.7,21759.9,5304.7
KN1503,Dorawar Sallau,Garun Malam,Kano,10350.0,8413.1,1540.9,16142.7,1848.3
KN2308,Kibiya 1,Kibiya,Kano,13087.2,16263.8,3295.4,25897.5,2622.1
KN1709,Tumbau,Gezawa,Kano,11646.3,15903.7,3207.9,23004.1,2311.1
KN2811,Rikadawa,Madobi,Kano,13369.1,15977.7,3071.6,21411.8,2593.5
KN2404,Dangora,Kiru,Kano,30884.5,25630.3,5068.8,32488.7,6016.6
KN4409,Utai,Wudil,Kano,18118.6,15477.2,2989.4,33062.6,3420.2
KN4402,Dagumawa,Wudil,Kano,34265.1,33996.2,6247.6,52178.6,6190.3
KN0911,Unguwar Duniya,Dawakin Kudu,Kano,11936.7,14594.0,2831.9,13399.3,2287.2
KN3011,Wasai,Minjibir,Kano,38630.9,1457.8,299.5,52027.8,7820.6
KN0110,Unguwar Bai,Ajingi,Kano,15704.9,17496.6,3451.3,26083.0,3061.9
KN0710,Kofar Ruwa,Dala,Kano,142878.3,131726.6,24342.3,104511.2,23129.8
KN1311,Zugachi,Gabasawa,Kano,18968.0,29874.3,6069.5,31230.4,3803.1
KN4311,Tamburawan Gabas,Warawa,Kano,8073.3,8237.6,1562.4,18144.1,1515.0
KN1710,Wangara,Gezawa,Kano,15073.5,12596.4,2538.0,38175.6,2987.9
KN4210,Yada Kunya,Ungogo,Kano,32735.0,36485.8,7481.9,51808.0,6626.2
KN1507,Jobawa,Garun Malam,Kano,12544.2,15638.4,2392.8,15489.5,1889.4
KN0405,Durmawa,Bebeji,Kano,18305.1,22912.0,4528.0,31587.8,3583.3
KN0510,Waire,Bichi,Kano,17557.6,15562.5,3149.2,36528.0,3509.8
KN2910,Tangaji,Makoda,Kano,30946.5,23328.6,4789.2,15306.7,6269.7
KN0709,Kofar Mazugal,Dala,Kano,24932.2,19361.4,3647.4,25125.1,4268.4
KN3206,Rurum Tsohon Gari,Rano,Kano,36190.1,25467.2,5266.8,31088.4,7389.4
KN1110,Zainabi,Doguwa,Kano,16350.5,16401.7,3319.2,22455.8,3250.9
KN2812,Yakun,Madobi,Kano,6412.9,7770.9,1598.1,6818.7,1301.0
KN1505,Garun Babba,Garun Malam,Kano,20192.3,11578.6,1808.1,19993.6,3090.6
KN2006,Gude,Kabo,Kano,16755.3,16318.2,3287.3,27017.1,3295.5
KN4406,Kausani,Wudil,Kano,34753.0,32765.5,6352.3,43661.1,6639.7
KN3204,Rano,Rano,Kano,37816.4,47462.8,9813.6,52141.4,7717.0
KN2911,Wailare,Makoda,Kano,20986.5,17080.6,3496.7,14755.0,4244.0
KN1901,Jama'a,Gwarzo,Kano,15848.4,11451.3,2397.2,11197.9,3267.1
KN0305,Kiyawa,Bagwai,Kano,34034.7,32974.8,6788.1,40782.3,6912.9
KN3309,Sakara Tsa,Rimin Gado,Kano,8373.3,6678.5,1336.7,11603.9,1652.4
KN0406,Gargai,Bebeji,Kano,23149.3,15103.9,2766.8,21896.1,4108.4
KN2511,Panshekara,Kumbotso,Kano,78444.8,88165.9,16146.7,107392.4,14128.9
KN3202,Lausu,Rano,Kano,22701.8,21546.9,4376.5,23706.9,4562.0
KN1009,Marke,Dawakin Tofa,Kano,32181.0,35187.5,7149.2,48830.2,6444.7
KN1501,Chiromawa,Garun Malam,Kano,24656.7,23000.7,3519.3,39485.8,3713.8
KN0803,Dambatta West,Dambatta,Kano,50331.3,61366.7,12258.9,81961.7,9936.1
KN2113,Zango,Kano Municipal,Kano,47488.3,41955.5,7733.7,24240.8,7570.7
KN0403,Bebeji,Bebeji,Kano,33125.2,36521.7,7316.7,58838.6,6548.8
KN3005,Kuru,Minjibir,Kano,21173.9,34749.1,7164.3,42826.8,4308.4
KN1907,Madadi,Gwarzo,Kano,25661.0,36482.0,7456.6,36800.2,5105.4
KN3708,Kuka,Takai,Kano,29815.7,21324.4,4109.6,28079.9,5689.6
KN4208,Tudun Fulani,Ungogo,Kano,132109.3,181928.2,33931.2,257053.9,24239.5
KN0805,Goron Maje,Dambatta,Kano,19605.3,6762.9,1349.2,27454.3,3865.9
KN4305,Imawa,Warawa,Kano,4018.0,6569.9,1245.8,18463.6,753.6
KN0413,Tariwa,Bebeji,Kano,21034.0,21908.8,3841.5,27828.1,3640.4
KN2208,Magajin Hajji,Karaye,Kano,17612.0,11476.1,2360.8,14370.3,3581.0
KN0201,Albasu Central,Albasu,Kano,49042.8,28637.7,5626.1,34714.6,9534.7
KN2808,Kubaraci,Madobi,Kano,30874.1,34021.9,6751.1,41578.8,6076.8
KN4301,Amarawa,Warawa,Kano,2288.5,3186.7,604.3,7280.5,429.2
KN2710,Tanawa,Kura,Kano,6589.9,5672.0,1069.2,15421.5,1224.4
KN3007,Minjibir,Minjibir,Kano,33968.3,10259.0,2115.1,63222.8,6911.8
KN3402,Falgore,Rogo,Kano,39989.8,26744.5,5629.6,41392.5,8326.6
KN2802,Cinkoso,Madobi,Kano,8066.4,8654.6,1728.9,7469.5,1579.6
KN4206,Rangaza,Ungogo,Kano,33587.6,46801.7,9527.9,107284.6,6728.6
KN0904,Dawakiji,Dawakin Kudu,Kano,36645.9,31293.0,6037.9,62957.1,6973.4
KN0606,Gurjiya,Bunkure,Kano,23039.7,22209.8,4530.2,27053.5,4642.5
KN4303,Jemagu,Warawa,Kano,2487.6,3422.4,649.0,11158.5,466.6
KN4105,Jita,Tudun Wada,Kano,23614.1,21367.8,4322.3,27269.2,4727.3
KN3001,Azore,Minjibir,Kano,29558.6,33302.3,6866.1,36432.9,6014.5
KN0102,Balare,Ajingi,Kano,18634.2,17112.2,3414.3,27958.8,3670.6
KN0906,Gano,Dawakin Kudu,Kano,17410.0,17669.1,3397.2,45037.9,3316.4
KN3310,Tamawa,Rimin Gado,Kano,11297.4,11932.0,2350.6,12917.8,2196.5
KN2709,Rigar Duka,Kura,Kano,18164.1,16555.9,3151.2,25777.9,3403.6
KN0409,Kuki,Bebeji,Kano,25341.6,17264.7,3454.2,25716.5,5013.1
KN2507,Kumbotso,Kumbotso,Kano,40253.2,33174.5,6292.0,40259.1,7497.7
KN0503,Danzabuwa,Bichi,Kano,36675.1,26095.8,5281.7,56983.2,7325.6
KN4202,Fanisau,Ungogo,Kano,27905.8,22744.2,4674.0,47892.5,5647.8
KN0602,Bono,Bunkure,Kano,26118.1,23255.2,4644.8,24317.9,5143.0
KN4004,Gurun,Tsanyawa,Kano,25221.4,21138.9,4439.5,27424.4,5220.3
KN1509,Makwaro,Garun Malam,Kano,17155.2,18186.8,3200.7,25225.2,3029.8
KN2505,Garun Gawa,Kumbotso,Kano,132315.3,144948.0,24260.3,116530.1,21732.1
KN2704,Gundutse,Kura,Kano,24572.0,20019.6,3849.6,24169.4,4666.8
KN2702,Dan Hassan,Kura,Kano,27852.8,32304.7,6091.8,38840.7,5175.7
KN3702,Durbunde,Takai,Kano,33174.9,32141.8,6190.5,63579.2,6328.4
KN1608,Maimakawa,Gaya,Kano,43462.4,36419.2,7215.6,48774.1,8496.3
KN2806,Kanwa,Madobi,Kano,19068.3,20317.8,4102.5,28308.0,3782.2
KN3610,Sitti,Sumaila,Kano,46141.9,48196.6,9572.9,44497.6,9077.7
KN3208,Yalwa,Rano,Kano,31872.9,30088.8,6195.2,36418.5,6486.9
KN2706,Kosawa,Kura,Kano,18983.7,19499.4,3693.7,30989.7,3558.2
KN4006,Tatsan,Tsanyawa,Kano,22366.6,20228.7,4118.9,25468.6,4487.8
KN2608,Shamakawa,Kunchi,Kano,12580.5,7740.7,1566.4,18287.3,2515.0
KN2804,Gora,Madobi,Kano,41405.5,28836.9,5932.4,38440.9,8419.7
KN3504,Goron Dutse,Shanono,Kano,9817.4,14626.6,3101.6,25821.8,2057.0
KN1302,Garun Danga,Gabasawa,Kano,27318.6,31414.6,6382.4,41690.2,5477.3
KN1005,Ganduje,Dawakin Tofa,Kano,18804.9,15093.9,3072.8,23834.7,3781.2
KN3806,Hotoro,Tarauni,Kano,29458.4,26345.2,4617.1,76209.1,5463.0
KN1304,Karmami,Gabasawa,Kano,21468.9,35297.3,7171.3,36000.3,4304.5
KN2409,Kogo,Kiru,Kano,17853.0,17383.0,3437.8,22830.1,3478.0
KN2501,Chalawa,Kumbotso,Kano,45198.1,37766.0,6827.4,39743.6,7880.5
KN2202,Kafin Dabga,Karaye,Kano,17639.3,28123.1,5669.4,23177.3,3485.8
KN2301,Durba,Kibiya,Kano,11994.6,17759.3,3606.3,14246.9,2412.0
KN3706,Kachako,Takai,Kano,33250.9,36596.7,7059.8,81774.3,6351.2
KN3506,Kokiya,Shanono,Kano,16336.5,13567.1,2876.0,27608.5,3421.9
KN3111,Tudun Murtala,Nassarawa,Kano,24805.0,16453.6,3347.8,87625.2,4965.4
KN4309,Katarkawa,Warawa,Kano,6576.6,9553.0,1896.6,17883.8,1289.3
KN2906,Tabo,Makoda,Kano,24946.9,23059.9,4734.1,23050.6,5054.2
KN3704,Fajewa,Takai,Kano,25804.3,30303.1,5836.3,35619.6,4922.4
KN1602,Gamarya,Gaya,Kano,9862.7,12221.0,2436.6,18754.0,1941.3
KN2411,Bargoni,Kiru,Kano,46412.4,50372.1,9961.9,46397.6,9041.7
KN2303,Fassi,Kibiya,Kano,32785.8,29504.8,5976.7,46217.8,6571.0
KN1606,Kademi,Gaya,Kano,34828.2,33255.0,6598.8,59118.7,6819.3
KN2606,Matan Fada,Kunchi,Kano,16412.0,14961.4,3050.0,23423.3,3295.8
KN2602,Garun Sheme,Kunchi,Kano,5606.3,5755.7,1164.7,11936.3,1120.8
KN2407,Galadimawa,Kiru,Kano,16451.1,16666.4,3301.3,12804.3,3206.4
KN2904,Kadan Dani,Makoda,Kano,33371.8,28038.7,5676.3,31789.6,6688.5
KN1106,Riruwai,Doguwa,Kano,18793.0,14899.2,2981.9,20993.1,3708.7
KN0301,Bagwai,Bagwai,Kano,28207.2,23144.4,4745.3,37223.4,5710.2
KN0914,Yargaya,Dawakin Kudu,Kano,12227.6,9506.2,1802.6,33296.7,2293.4
KN2415,Zuwo,Kiru,Kano,26330.6,29270.5,5724.9,24111.7,5064.2
KN2305,Kahu,Kibiya,Kano,45570.5,28340.8,5742.4,33100.4,9130.4
KN2413,Yako,Kiru,Kano,18401.9,17601.8,3482.9,27716.6,3587.3
KN4401,Achika,Wudil,Kano,14308.9,14108.5,2756.9,19671.0,2753.8
KN1308,Yautar Kudu,Gabasawa,Kano,36937.9,9241.5,1877.6,44666.5,7406.0
KN0205,Fanda,Albasu,Kano,41787.8,27010.2,5304.6,32732.7,8094.9
KN2810,Madobi,Madobi,Kano,35866.4,35281.6,7289.5,42928.4,7314.1
KN0912,Yan Barau,Dawakin Kudu,Kano,23889.6,19857.9,3856.2,16256.0,4580.6
KN2405,Dansoshiya,Kiru,Kano,16438.4,21882.7,4329.8,17609.0,3204.0
KN2307,Kibiya 2,Kibiya,Kano,11748.2,10418.2,2111.0,14012.8,2353.8
KN4306,Warawa,Warawa,Kano,3894.8,5199.9,986.0,12784.8,730.5
KN2003,Gammo,Kabo,Kano,27430.4,27852.9,5289.7,23915.7,5132.5
KN3911,Unguwar Rimi,Tofa,Kano,14161.9,14477.3,2936.9,19622.2,2832.3
KN2403,Bauda,Kiru,Kano,10319.8,14215.9,2824.7,19467.4,2020.6
KN0610,Sanda,Bunkure,Kano,23396.0,35846.4,7221.7,34592.0,4677.9
KN2309,Tarai,Kibiya,Kano,36841.3,26838.5,5434.8,35424.9,7368.7
KN1310,Zakirai,Gabasawa,Kano,24642.6,29970.6,6089.1,33048.3,4940.8
KN0910,Tsakuwa,Dawakin Kudu,Kano,57076.6,51744.4,10048.2,60841.2,10943.8
KN2508,Kureken Sani,Kumbotso,Kano,50508.1,49689.2,9422.9,75554.1,9433.5
KN3010,Tsakuwa,Minjibir,Kano,24395.4,18385.7,3790.5,47390.7,4961.8
KN0204,Duja,Albasu,Kano,12857.3,9914.9,1947.2,10309.1,2491.5
KN3710,Zuga,Takai,Kano,24419.8,27781.6,5377.5,38832.5,4677.1
KN1108,Tagwaye,Doguwa,Kano,15795.2,18040.0,3609.9,21200.7,3116.1
KN1506,Garun Malam,Garun Malam,Kano,13010.4,13380.1,2047.2,27364.7,1959.6
KN2401,Baawa,Kiru,Kano,62583.2,46714.4,9260.8,45787.7,12229.5
KN0209,Saya-Saya,Albasu,Kano,30444.0,30380.8,6028.4,37581.3,5960.9
KN3601,Gala,Sumaila,Kano,35277.5,34405.8,6725.7,46808.7,6806.3
KN1711,Zango,Gezawa,Kano,25311.2,17407.6,3487.6,64671.0,4997.5
KN0404,Damau,Bebeji,Kano,15377.5,18109.0,2894.7,20158.2,2439.1
KN1808,Kabuga,Gwale,Kano,399662.6,348439.9,62791.0,164649.8,68397.9
KN1010,Kwa,Dawakin Tofa,Kano,34773.6,23888.6,4870.1,29232.4,6980.6
KN0508,Muntsira,Bichi,Kano,46180.4,46869.3,9479.5,50774.5,9209.4
KN3207,Saji,Rano,Kano,16719.9,16714.4,3415.9,26699.9,3380.8
KN1504,Fankurun,Garun Malam,Kano,15741.8,14920.4,2282.9,13274.9,2372.0
KN1502,Dakasoye,Garun Malam,Kano,19162.5,16046.4,3031.6,27027.9,3547.7
KN2005,Godiya,Kabo,Kano,47368.8,46035.7,8783.5,46908.5,8894.9
KN1902,Getso,Gwarzo,Kano,30712.6,32994.3,6884.2,46452.1,6319.3
KN1008,Tattarawa,Dawakin Tofa,Kano,18709.2,24619.2,5005.1,27999.9,3748.5
KN3205,Rurum Sabon Gari,Rano,Kano,38930.9,28891.7,5939.3,33494.8,7912.5
KN2207,Turawa,Karaye,Kano,26631.5,25677.7,5275.0,30628.8,5404.7
KN0414,Wak,Bebeji,Kano,24138.7,19384.8,3079.1,22995.1,3798.8
KN1510,Yada Kwari,Garun Malam,Kano,12066.5,12544.3,1996.7,20938.9,1881.4
KN3203,Madachi,Rano,Kano,28843.2,28293.9,5800.8,33994.4,5863.5
KN0504,Fagolo,Bichi,Kano,27430.0,30361.8,6185.4,25473.2,5512.4
KN4410,Wudil,Wudil,Kano,24423.3,15754.6,2895.3,56339.7,4412.3
KN2803,Galinja,Madobi,Kano,7180.3,6156.4,1272.0,7743.7,1463.7
KN1306,Tarauni,Gabasawa,Kano,16021.8,15964.0,3243.4,17603.3,3212.0
KN0802,Dambatta East,Dambatta,Kano,39600.2,42696.4,8514.4,92488.0,7796.2
KN4304,Gogel,Warawa,Kano,2563.0,3599.2,682.5,9584.5,480.7
KN0402,Baguda,Bebeji,Kano,13547.0,17292.6,2824.5,15268.9,2221.8
KN2209,Yammedi,Karaye,Kano,11923.8,21985.3,4507.9,20632.8,2412.6
KN0901,Dabar Kwari,Dawakin Kudu,Kano,42253.2,33440.5,6722.9,38739.8,8426.5
KN3201,Dawaki,Rano,Kano,19390.1,26708.3,5524.0,25530.4,3959.9
KN0806,Gwanda,Dambatta,Kano,23773.8,26810.0,5368.5,31002.8,4690.1
KN2512,Unguwar Rimi,Kumbotso,Kano,38625.0,36165.4,6868.2,39566.6,7207.4
KN4302,Danlasan,Warawa,Kano,1584.9,3108.2,589.4,6751.7,297.3
KN4009,Yanganau,Tsanyawa,Kano,20846.7,30128.1,6319.7,23884.4,4311.6
KN0903,Dawaki,Dawakin Kudu,Kano,63051.2,70640.0,13717.5,73376.9,12089.4
KN3602,Gani,Sumaila,Kano,53862.9,61620.8,12239.3,58173.2,10596.7
KN4104,Jandutse,Tudun Wada,Kano,35682.1,33850.4,6850.2,42823.0,7151.8
KN1904,Kara,Gwarzo,Kano,28913.8,32241.9,6727.2,34682.2,5949.2
KN4205,Karo,Ungogo,Kano,14331.5,18557.3,3824.9,20777.3,2915.2
KN3905,Janguza,Tofa,Kano,17813.0,16008.9,3241.3,19837.7,3551.4
KN0605,Gafan,Bunkure,Kano,25250.1,17695.9,3603.4,24993.9,5101.2
KN0502,Bichi,Bichi,Kano,90486.9,81679.4,16518.8,120455.7,18043.8
KN4106,Karefa,Tudun Wada,Kano,29444.6,29837.9,6046.1,34307.9,5910.2
KN2909,Satame,Makoda,Kano,20673.6,21807.2,4393.4,20518.5,4124.6
KN2801,Burji,Madobi,Kano,10513.4,12058.2,2411.3,14484.3,2062.1
KN0905,Dosan,Dawakin Kudu,Kano,21370.2,24756.8,4807.5,29435.5,4097.5
KN3002,Gandurwawa,Minjibir,Kano,19477.1,19492.1,4018.8,32014.4,3963.1
KN4203,Gayawa,Ungogo,Kano,55823.1,63162.5,12919.1,157860.9,11247.4
KN3501,Alajawa,Shanono,Kano,10128.2,11102.8,2354.3,22676.2,2122.1
KN3311,Yalwan Danziyal,Rimin Gado,Kano,11676.2,8372.7,1694.5,19534.0,2331.9
KN2705,Karfi,Kura,Kano,31104.6,22696.5,4303.5,36820.1,5821.0
KN3405,Jajaye,Rogo,Kano,33776.3,38084.6,7947.2,31164.9,6979.0
KN4005,Kabagiwa,Tsanyawa,Kano,32758.7,33255.5,6967.1,34414.4,6766.6
KN1705,Ketawa,Gezawa,Kano,22021.2,8522.8,1706.9,62541.7,4345.2
KN0308,Romo,Bagwai,Kano,23828.9,38051.5,7870.7,31243.5,4866.0
KN2504,Dan Maliki,Kumbotso,Kano,205471.3,201934.8,34185.5,263952.0,33849.6
KN3106,Hotoro North,Nassarawa,Kano,69996.8,68002.7,13378.5,180018.5,13701.6
KN3703,Falali,Takai,Kano,23477.8,19008.4,3661.0,32797.3,4478.6
KN2807,Kauran Mata,Madobi,Kano,12903.4,14596.2,2969.6,19179.8,2583.8
KN1301,Gabasawa,Gabasawa,Kano,43688.8,52549.2,10667.9,53527.6,8754.5
KN1006,Gargari,Dawakin Tofa,Kano,41465.8,31591.7,6414.9,42990.8,8299.6
KN1707,Sararin Gezawa,Gezawa,Kano,12471.5,834.7,167.9,28522.7,2486.0
KN1508,Kadawa,Garun Malam,Kano,17734.3,15722.7,2857.5,20364.8,3135.3
KN1609,Shagogo,Gaya,Kano,32730.7,38794.3,7710.2,51697.9,6422.0
KN3913,Yalwa Karama,Tofa,Kano,5704.8,5424.7,1105.9,5812.8,1145.2
KN1303,Joda,Gabasawa,Kano,25640.3,29476.7,5988.0,28411.7,5138.8
KN2805,Kafin Agur,Madobi,Kano,15604.6,15397.1,3181.2,17698.2,3182.2
KN3209,Zinyau,Rano,Kano,16422.2,20720.4,4274.7,19168.1,3347.2
KN4408,Sabon Gari,Wudil,Kano,49136.4,38032.0,7003.1,46249.6,8890.4
KN2903,Jibga,Makoda,Kano,26861.4,33730.0,6844.4,38476.0,5387.6
KN1404,Gurjiya,Garko,Kano,28799.3,26491.7,5019.1,31862.1,5412.0
KN3707,Karfi,Takai,Kano,25383.3,19612.5,3777.3,29835.7,4842.1
KN3110,Tudun Wada,Nassarawa,Kano,29331.6,33675.0,6183.1,31500.4,5386.7
KN1305,Mekiya,Gabasawa,Kano,30620.3,43608.2,8859.8,46060.4,6139.3
KN2205,Magajin Gari,Karaye,Kano,27693.2,25557.9,5257.6,42750.2,5630.8
KN3915,Yarimawa,Tofa,Kano,13343.2,13297.9,2710.8,11396.2,2678.5
KN0206,Faragai,Albasu,Kano,17446.1,20939.3,4127.8,34167.8,3395.6
KN3507,Leni,Shanono,Kano,10836.7,9187.2,1913.8,13418.2,2238.7
KN1610,Wudilawa,Gaya,Kano,14698.8,13322.7,2643.6,22147.5,2878.0
KN4003,Gozarki,Tsanyawa,Kano,36999.6,20733.2,4331.4,18740.2,7579.4
KN2605,Kunchi,Kunchi,Kano,12641.9,8278.6,1675.3,18425.2,2527.3
KN1101,Dadin Kowa,Doguwa,Kano,30438.9,29181.7,5839.4,33149.1,6005.1
KN0202,Bataiya,Albasu,Kano,37795.5,30741.0,6054.5,33326.3,7351.2
KN0302,Dangada,Bagwai,Kano,23652.9,32005.6,6617.2,35370.9,4827.9
KN2901,Babbar Ruga,Makoda,Kano,36585.5,38377.3,7766.4,33449.3,7338.8
KN2701,Dalili,Kura,Kano,30515.4,24498.0,4617.8,31931.7,5669.7
KN3101,Dakata,Nassarawa,Kano,25145.1,21269.4,4327.6,56516.7,5033.1
KN2410,Maraku,Kiru,Kano,27284.7,19723.9,3900.7,26091.7,5315.4
KN2809,Kwankwaso,Madobi,Kano,35860.9,29764.2,6120.2,38019.6,7279.8
KN1307,Yautar Arewa,Gabasawa,Kano,19310.3,2143.9,433.2,25051.1,3856.6
KN2607,Ridawa,Kunchi,Kano,10008.3,7664.8,1550.3,13454.4,1996.5
KN3503,Faruruwa,Shanono,Kano,7231.6,10158.1,2153.7,20215.0,1514.9
KN1107,Shere,Doguwa,Kano,10769.6,11577.3,2318.4,14591.4,2126.6
KN1607,Kazurawa,Gaya,Kano,29821.9,30702.5,6092.3,31482.2,5839.1
KN4108,Sabon Gari,Tudun Wada,Kano,36753.0,37635.9,7616.3,40340.8,7367.4
KN2304,Kadigawa,Kibiya,Kano,4294.6,13447.7,2678.9,10264.5,844.6
KN4110,Tsohon Gari,Tudun Wada,Kano,17100.6,19205.8,3886.6,32608.4,3427.9
KN2703,Dukawa,Kura,Kano,18530.2,22022.2,4166.6,22902.6,3460.0
KN2408,Kiru,Kiru,Kano,49961.0,47611.0,9415.9,71368.8,9732.9
KN2412,Tsaudawa,Kiru,Kano,12053.6,12449.0,2462.0,11471.1,2348.2
KN0915,Zogarawa,Dawakin Kudu,Kano,8119.5,7085.7,1365.2,13902.2,1544.6
KN4315,Yangizo,Warawa,Kano,4871.2,7023.2,1373.8,15599.5,938.3
KN1309,Yumbu,Gabasawa,Kano,16325.8,7924.6,1615.7,21634.8,3283.2
KN2406,Dashi,Kiru,Kano,12276.1,14113.1,2800.0,11632.0,2399.2
KN2601,Bumai,Kunchi,Kano,11063.3,9295.3,1881.0,16236.9,2211.9
KN1105,Maraku,Doguwa,Kano,17805.6,17590.9,3520.2,19142.3,3512.9
KN2306,Nariya,Kibiya,Kano,28760.9,27250.4,5521.5,23907.8,5762.4
KN0913,Yankatsari,Dawakin Kudu,Kano,11244.6,13137.1,2533.5,18026.6,2139.2
KN1601,Balan,Gaya,Kano,33128.2,31314.7,6213.7,31732.3,6488.1
KN2502,Chiranchi,Kumbotso,Kano,199593.9,192700.8,31008.0,173909.0,31124.1
KN0703,Dala,Dala,Kano,32516.5,23140.2,4270.3,13642.3,5178.8
KN1603,Gamoji,Gaya,Kano,14233.7,18756.3,3718.0,21898.9,2783.7
KN2002,Durun,Kabo,Kano,16042.0,18448.8,3505.1,15011.7,3003.6
KN3410,Zoza,Rogo,Kano,48387.4,39158.9,8187.6,38341.3,10027.9
KN1407,Kwas,Garko,Kano,16477.5,17756.0,3536.8,19283.5,3240.6
KN2908,Makoda,Makoda,Kano,33557.7,37867.9,7773.6,30000.3,6798.2
KN2310,Unguwar Gai,Kibiya,Kano,15099.8,23081.5,4669.4,21918.4,3029.6
KN2010,Masanawa,Kabo,Kano,16270.8,18322.3,3481.2,16899.1,3046.5
KN4207,Rijiyar Zaki,Ungogo,Kano,253092.0,252268.7,45215.4,128991.2,44321.8
KN1908,Mainika,Gwarzo,Kano,37873.3,31129.3,6494.8,26445.3,7792.3
KN3312,Zango,Rimin Gado,Kano,20648.0,19197.3,3844.2,21473.1,4055.5
KN3906,Jauben Kudu,Tofa,Kano,6108.5,6417.7,1305.4,9387.9,1224.2
KN3603,Garfa,Sumaila,Kano,49126.4,36907.0,7322.7,43584.2,9647.5
KN3902,Doka,Tofa,Kano,7250.1,10161.0,2061.3,14920.0,1450.0
KN2604,Kasuwar Kuka,Kunchi,Kano,14160.3,18183.5,3679.0,35295.7,2828.0
KN0509,Saye,Bichi,Kano,19644.7,21635.6,4375.6,24623.7,3917.3
KN2206,Tudun Kaya,Karaye,Kano,28414.2,22322.5,4592.0,22237.9,5777.5
KN3908,Lambu,Tofa,Kano,19681.1,18140.2,3680.5,24342.9,3936.6
KN1708,Tsamiya Babba,Gezawa,Kano,66147.6,96144.2,19254.9,129910.0,13050.2
KN2509,Mariri,Kumbotso,Kano,62346.4,65793.6,12827.1,143899.6,11959.8
KN1206,Kwachiri,Fagge,Kano,52379.5,49529.2,10077.8,159320.7,10485.1
KN0601,Barkum,Bunkure,Kano,27883.7,24142.0,4925.8,35086.1,5593.9
KN0103,Chula,Ajingi,Kano,16287.6,16761.8,3342.9,25994.8,3206.4
KN3907,Kwami,Tofa,Kano,4243.6,4853.9,984.7,5724.7,848.7
KN0804,Fagwalawa,Dambatta,Kano,37972.2,6597.8,1317.7,44351.6,7491.9
KN0101,Ajingi,Ajingi,Kano,20952.8,16784.3,3348.1,30767.1,4126.0
KN2008,Kabo,Kabo,Kano,38392.5,32515.7,6168.4,38308.6,7177.7
KN3701,Bagwaro,Takai,Kano,23871.7,22356.0,4309.4,27295.9,4560.0
KN3008,Sarbi,Minjibir,Kano,15600.6,991.8,202.1,19295.0,3118.4
KN3909,Langel,Tofa,Kano,16509.7,16227.6,3303.0,15013.2,3309.0
KN1109,Unguwar Tsohuwa,Doguwa,Kano,16527.3,17048.9,3421.5,17258.2,3270.6
KN1007,Jalli,Dawakin Tofa,Kano,20507.0,22148.9,4529.4,41765.5,4130.5
KN2402,Badafi,Kiru,Kano,51729.6,45105.6,8985.0,47611.4,10182.9
KN1409,Sarina,Garko,Kano,28455.5,28374.2,5632.7,41016.3,5578.7
KN1011,Tumfafi,Dawakin Tofa,Kano,53490.4,54323.7,11086.8,80107.1,10747.8
KN3408,Ruwan Bago,Rogo,Kano,46303.0,46366.0,9694.4,58149.9,9594.9
KN4404,Darki,Wudil,Kano,31892.0,33479.2,6368.6,45959.9,5966.1
KN0208,Hungu,Albasu,Kano,22923.3,24882.1,4886.7,25555.8,4440.6
KN4313,Yan Dala,Warawa,Kano,10486.7,10565.4,1972.5,14666.4,1919.9
KN4407,Lajawa,Wudil,Kano,25868.4,29763.7,5760.1,32268.6,4918.8
KN4312,Tanagar,Warawa,Kano,14289.4,15924.6,3135.6,32546.1,2765.2
KN3404,Gwangwan,Rogo,Kano,36491.0,31687.7,6629.0,42857.2,7565.8
KN0309,Sare-Sare,Bagwai,Kano,26089.2,21870.5,4556.1,29397.9,5356.3
KN3606,Magami,Sumaila,Kano,54126.9,37420.8,7506.6,55334.0,10712.8
KN0407,Gwarmai,Bebeji,Kano,39739.4,44079.3,8819.0,79338.9,7861.3
KN3604,Gediya,Sumaila,Kano,43746.0,43535.4,8647.1,50532.5,8606.4
KN3103,Gawuna,Nassarawa,Kano,6928.3,5603.8,1140.2,17588.8,1386.9
KN1405,Kafin Malamai,Garko,Kano,30998.5,31246.8,5742.4,43534.9,5600.2
KN0801,Ajumawa,Dambatta,Kano,46923.9,51246.8,10491.7,55154.5,9485.5
KN2004,Garo,Kabo,Kano,34643.0,26669.8,5503.1,68067.0,6977.0
KN0210,Tsangaya,Albasu,Kano,35059.9,31429.8,6171.5,43699.8,6790.9
KN3307,Karofin Yashi,Rimin Gado,Kano,9169.0,8989.8,1826.8,11111.6,1826.6
KN1403,Garko,Garko,Kano,24122.6,26283.1,5231.6,55765.8,4738.6
KN0104,Dabin-Kanawa,Ajingi,Kano,24290.9,21344.7,4257.8,33417.5,4783.4
KN4307,Garin Dau,Warawa,Kano,15506.4,14353.2,2640.2,24363.4,2801.8
KN4107,Nata-Ala,Tudun Wada,Kano,50162.4,43387.7,8792.2,54213.1,10064.9
KN0505,Kau-Kau,Bichi,Kano,39795.9,31812.6,6433.8,37954.1,7935.8
KN3608,Rimi,Sumaila,Kano,40708.4,31888.8,6336.8,43347.9,8005.9
KN0507,Kyalli,Bichi,Kano,33754.1,30242.5,6117.1,47580.5,6734.3
KN3904,Ginsawa,Tofa,Kano,4377.9,4178.1,847.6,6699.9,875.6
KN3003,Kantama,Minjibir,Kano,20265.2,27488.9,5667.5,34578.1,4123.5
KN1208,Sabon Gari East,Fagge,Kano,47305.3,46050.8,8805.4,38984.4,8253.7
KN1704,Jogana,Gezawa,Kano,27076.9,34709.9,6951.4,82393.6,5342.0
KN3406,Rogo Ruma,Rogo,Kano,28808.5,26611.5,5574.5,31052.4,5977.5
KN4103,Dalawa,Tudun Wada,Kano,39171.9,29602.5,5990.6,46756.1,7852.3
KN2902,Durma,Makoda,Kano,16026.7,11393.3,2334.0,7900.0,3243.4
KN4002,Dunbulum,Tsanyawa,Kano,20648.5,20869.6,4374.8,23376.0,4267.1
KN1604,Gaya North,Gaya,Kano,49736.6,39007.3,7781.0,84118.8,9793.8
KN0203,Daho,Albasu,Kano,17733.1,24522.9,4812.1,27622.4,3433.0
KN3009,Tsakiya,Minjibir,Kano,13840.1,23030.2,4748.2,26543.2,2816.1
KN1806,Gwale,Gwale,Kano,17406.2,11919.6,2013.2,17705.3,2861.8
KN1410,Zakarawa,Garko,Kano,19370.3,19429.6,3839.3,26666.3,3770.2
KN1104,Falgore,Doguwa,Kano,27589.4,25641.4,5131.3,37799.3,5443.6
KN4403,Dankaza,Wudil,Kano,31341.9,32470.7,6097.9,39151.7,5821.3
KN4314,Jigawa,Warawa,Kano,17600.4,13307.5,2473.6,21676.1,3222.6
KN3510,Tsaure,Shanono,Kano,14365.5,16171.7,3429.2,31249.1,3009.9
KN1002,Dawaki East,Dawakin Tofa,Kano,22155.5,20525.2,4184.4,24207.5,4447.6
KN3210,Zurgu,Rano,Kano,30787.9,30262.2,6257.4,28139.7,6288.3
KN0303,Gadanya,Bagwai,Kano,33787.9,24507.0,5069.1,35984.0,6899.7
KN0511,Yallami,Bichi,Kano,22286.0,34060.2,6901.7,50120.7,4459.2
KN3403,Fulatan,Rogo,Kano,28015.1,30240.4,6322.8,35876.7,5805.3
KN1408,Raba,Garko,Kano,20606.0,30888.2,5841.0,39071.2,3872.9
KN2001,Dugabau,Kabo,Kano,23233.1,24882.6,4724.2,21185.2,4347.9
KN2007,Hawaden Galadima,Kabo,Kano,12865.4,15498.5,2966.2,12413.8,2424.9
KN3605,Kanawa,Sumaila,Kano,27085.8,20824.1,4038.4,32470.2,5213.9
KN3810,Unguwar Gano,Tarauni,Kano,25301.7,25690.1,4632.1,22657.3,4489.0
KN3607,Masu,Sumaila,Kano,69326.0,57526.8,11441.3,58979.0,13658.1
KN1402,Garin Ali,Garko,Kano,22457.5,14823.2,2949.9,25398.8,4416.9
KN2110,Tudun Wazurchi,Kano Municipal,Kano,26460.0,22186.5,4060.5,24537.0,4285.5
KN4209,Ungogo,Ungogo,Kano,33298.9,36870.8,7516.7,81675.5,6685.7
KN3004,Kunya,Minjibir,Kano,50305.5,59032.9,12141.6,85072.2,10208.0
KN2510,Naibawa,Kumbotso,Kano,120492.4,101872.0,19298.6,164108.5,22425.8
KN3709,Takai,Takai,Kano,67036.8,61111.5,11918.5,82246.3,12923.9
KN3302,Dawakin Gulu,Rimin Gado,Kano,4540.2,4840.5,948.5,4405.1,877.5
KN3108,Kaura Goje,Nassarawa,Kano,17686.3,15682.2,3190.9,102711.0,3540.4
KN1906,Lakwaya,Gwarzo,Kano,54526.3,48807.0,10266.9,72502.9,11328.3
KN3306,Jili,Rimin Gado,Kano,15207.7,19464.1,3785.1,16618.0,2917.9
KN0607,Gwamma,Bunkure,Kano,21309.3,25260.3,5203.5,28670.2,4330.2
KN3505,Kadamu,Shanono,Kano,21006.1,21011.3,4424.3,29073.8,4364.8
KN3006,Kwarkiya,Minjibir,Kano,19917.3,16660.7,3376.6,36490.9,3995.6
KN3609,Rumo,Sumaila,Kano,22664.2,26393.9,5242.4,26888.1,4458.8
KN3401,Beli,Rogo,Kano,32337.4,25198.7,5268.6,33451.3,6701.0
KN0410,Rahama,Bebeji,Kano,22228.3,19570.5,3915.5,28208.7,4397.2
KN4001,Daddarawa,Tsanyawa,Kano,21837.7,19840.0,4079.8,15532.6,4434.3
KD1908,Muchiya,Sabon Gari,Kaduna,17432.6,12932.6,2231.4,35007.9,2935.0
KD1903,Chikaji,Sabon Gari,Kaduna,23504.3,24860.4,4289.5,32649.4,3957.3
KD1011,Sabon Gari West,Kaduna South,Kaduna,22451.9,16129.8,3249.5,67174.5,4445.4
KD0910,Unguwar Rimi,Kaduna North,Kaduna,73274.4,66090.2,10581.9,72620.0,11437.9
KD0908,Shaba,Kaduna North,Kaduna,15743.1,13798.8,2237.6,12074.0,2491.8
KD0912,Unguwar Shanu,Kaduna North,Kaduna,28052.8,30449.2,4947.5,40325.5,4450.1
KD0906,Maiburiji,Kaduna North,Kaduna,21555.4,19126.5,3104.2,17331.1,3414.2
KD0911,Unguwar Sarki,Kaduna North,Kaduna,55864.7,66338.1,10662.2,55303.1,8742.0
KD0909,Unguwan Dosa,Kaduna North,Kaduna,29084.0,25040.7,3997.7,41540.2,4519.7
KD1910,Unguwar Gabas,Sabon Gari,Kaduna,8410.7,6404.9,1105.1,15386.0,1416.1
KD0207,Narayi,Chikun,Kaduna,76188.2,67997.9,11004.9,87595.9,12031.1
KD1009,Tudun Wada North,Kaduna South,Kaduna,7528.9,4799.9,799.0,11459.3,1236.7
KD1013,Unguwan Sanusi,Kaduna South,Kaduna,15009.2,13878.5,2605.5,34512.4,2828.9
KD1012,Television,Kaduna South,Kaduna,26093.9,25599.9,4154.9,30206.7,4133.1
KD2310,Tudun Wada,Zaria,Kaduna,25927.9,22140.7,3841.9,48015.4,4399.0
KD1004,Kakuri Hausa,Kaduna South,Kaduna,29272.5,28740.9,4664.6,27357.1,4636.6
KD1006,Sabon Gari North,Kaduna South,Kaduna,14164.5,9125.0,1836.8,38463.7,2798.2
KD0904,Kabala,Kaduna North,Kaduna,71794.1,60680.2,9691.2,66932.4,11162.1
KD1002,Barnawa,Kaduna South,Kaduna,99915.3,87776.1,14221.4,72536.0,15794.3
KD1010,Tudun Wada South,Kaduna South,Kaduna,51994.3,34859.2,5976.7,69792.5,8690.3
KD1008,Tudun Nupawa,Kaduna South,Kaduna,27909.6,20796.5,3384.7,30861.2,4438.5
KD0901,Badarawa,Kaduna North,Kaduna,68672.2,57424.5,9311.8,101897.4,10882.9
KD1005,Makera,Kaduna South,Kaduna,57952.6,46156.5,7491.2,41522.7,9179.3
KD1007,Sabon Gari South,Kaduna South,Kaduna,9384.7,5552.2,1118.6,26966.8,1858.2
KD0905,Kawo,Kaduna North,Kaduna,50723.9,38346.6,6122.0,59466.7,7882.6
KD1001,Badiko,Kaduna South,Kaduna,21066.8,21160.0,3947.0,58707.6,3921.6
KD1003,Kakuri Gwari,Kaduna South,Kaduna,29002.0,39134.1,6351.4,24717.4,4593.7
KD2312,Unguwar Juma,Zaria,Kaduna,18800.1,16236.8,3043.9,35074.0,3447.7
KD2309,Tukur Tukur,Zaria,Kaduna,55355.9,57185.3,10323.0,81754.2,9742.8
KD2307,Kwarbai B,Zaria,Kaduna,44299.2,39240.0,7309.2,67724.7,8076.0
KD2308,Limancin Kona,Zaria,Kaduna,20311.4,17083.4,3202.6,45262.8,3724.8
KD2306,Kwarbai A,Zaria,Kaduna,69316.7,65952.5,12296.6,83164.7,12625.8
KD2304,Kaura,Zaria,Kaduna,32586.3,31033.2,5817.8,49542.3,5975.8
KD1104,Jere South,Kagarko,Kaduna,39330.1,24323.3,4797.0,29487.7,7583.6
KD0101,Gayam,Birnin Gwari,Kaduna,35763.8,29257.8,6092.0,28751.4,7359.2
KD0206,Kuriga,Chikun,Kaduna,8980.0,6959.2,1203.8,12667.9,1545.6
KD1102,Iddah,Kagarko,Kaduna,64486.8,71724.3,14242.6,68113.9,12568.1
KD1602,Garu,Kudan,Kaduna,8595.4,9853.0,2051.9,13624.2,1762.9
KD0302,Galadimawa,Giwa,Kaduna,22742.0,25110.8,5210.5,35145.5,4646.8
KD0110,Kuyello,Birnin Gwari,Kaduna,25362.5,29122.0,6138.0,43063.8,5268.0
KD0304,Giwa,Giwa,Kaduna,39088.1,32025.9,6645.4,43063.6,7986.7
KD2210,Zonkwa,Zangon Kataf,Kaduna,63336.6,51444.5,10278.2,80858.9,12370.5
KD1504,Haskiya,Kubau,Kaduna,58839.2,53230.0,10888.2,66105.3,11875.8
KD0306,Kakangi,Giwa,Kaduna,44729.8,39556.2,8208.0,48108.6,9139.5
KD0406,Kerawa,Igabi,Kaduna,13926.7,14421.5,2931.3,30063.9,2789.7
KD0107,Damari,Birnin Gwari,Kaduna,41584.8,35676.5,7522.7,45602.5,8646.4
KD1906,Jama A,Sabon Gari,Kaduna,31322.6,30222.2,5214.6,33641.7,5273.6
KD1502,Damau,Kubau,Kaduna,53127.7,47934.2,9876.3,68980.2,10780.0
KD1802,Danguziri,Makarfi,Kaduna,26229.1,30001.5,6163.9,35919.0,5311.7
KD2205,Madakiya,Zangon Kataf,Kaduna,32441.7,31651.4,6323.7,51262.3,6336.3
KD0109,Kutemeshi,Birnin Gwari,Kaduna,24614.5,25030.3,5274.5,33971.0,5114.2
KD0111,Tabanni,Birnin Gwari,Kaduna,6058.4,6975.0,1465.0,10441.4,1250.9
KD0305,Idasu,Giwa,Kaduna,55439.2,47887.5,9944.9,51266.3,11340.5
KD1501,Anchau,Kubau,Kaduna,52511.4,56458.0,11684.0,69441.9,10698.9
KD0108,Dogondawa,Birnin Gwari,Kaduna,23561.4,14428.6,3041.9,21954.3,4895.3
KD0307,Kidandan,Giwa,Kaduna,61462.9,58077.8,12091.8,55156.4,12617.5
KD1210,Tantattu,Kajuru,Kaduna,9265.2,9698.6,1770.2,7782.0,1646.3
KD1904,Dogarawa,Sabon Gari,Kaduna,28823.1,30256.2,5453.2,51043.6,5022.4
KD1911,Zabi,Sabon Gari,Kaduna,43690.5,35468.7,6231.7,57214.0,7505.4
KD0903,Hayin Banki,Kaduna North,Kaduna,68693.8,78824.3,13146.9,88223.5,11243.0
KD2009,Ninzo South,Sanga,Kaduna,9290.7,9450.1,1786.4,7564.2,1719.5
KD1607,Likoro,Kudan,Kaduna,18336.6,15806.3,3291.7,22773.2,3760.8
KD2104,Gimba,Soba,Kaduna,51497.5,40788.2,8225.9,57893.5,10239.2
KD2106,Kwasallo,Soba,Kaduna,44293.4,37791.3,7629.5,48022.8,8816.8
KD1901,Basawa,Sabon Gari,Kaduna,39359.9,41489.2,7265.2,54242.7,6747.0
KD2203,Ikulu,Zangon Kataf,Kaduna,67591.8,63835.3,12497.6,101782.5,12887.6
KD2109,Richifa,Soba,Kaduna,35672.0,30106.0,6107.6,39611.5,7128.2
KD1203,Idon,Kajuru,Kaduna,25028.1,23122.8,4241.9,20289.8,4518.2
KD1608,Sabon Garin,Kudan,Kaduna,32815.8,28245.0,5799.2,33634.2,6595.9
KD1905,Hanwa,Sabon Gari,Kaduna,58948.0,62469.4,10778.7,78153.6,9924.7
KD1907,Jushi,Sabon Gari,Kaduna,30677.1,27061.9,4669.4,40852.8,5164.9
KD1801,Dan Damisa,Makarfi,Kaduna,27027.1,21872.6,4551.3,24604.6,5537.7
KD2209,Zango Urban,Zangon Kataf,Kaduna,4915.9,4764.4,951.9,10739.4,960.1
KD2005,Gwantu,Sanga,Kaduna,23248.3,22210.6,4188.0,20414.7,4293.0
KD0310,Wazata,Giwa,Kaduna,35399.8,35122.5,7275.7,36258.5,7221.0
KD1603,Hunkuyi,Kudan,Kaduna,20986.9,21697.0,4519.8,27155.2,4301.6
KD2208,Zaman Dabo,Zangon Kataf,Kaduna,14543.7,13209.6,2647.9,16503.1,2854.2
KD0710,Kaninkon,Jema'A,Kaduna,44635.6,49484.9,9770.1,44478.4,8622.7
KD2108,Rahama,Soba,Kaduna,25766.8,30630.0,6193.0,34298.5,5140.0
KD1303,Fada,Kaura,Kaduna,36728.2,30568.7,5996.9,35198.2,7043.2
KD1206,Kasuwan Magani,Kajuru,Kaduna,23276.2,18474.1,3097.3,22590.4,3824.1
KD0705,Godogodo,Jema'A,Kaduna,47692.4,48963.7,9655.2,34440.6,9199.6
KD1301,Agban,Kaura,Kaduna,27941.9,26846.8,5276.3,31829.5,5368.3
KD0610,Samban,Jaba,Kaduna,26439.5,27778.6,5502.1,23156.1,5115.0
KD1204,Kajuru,Kajuru,Kaduna,8243.6,6611.2,1175.9,6946.8,1435.2
KD1704,Gure Kahugu,Lere,Kaduna,39421.5,47210.3,9542.4,40587.3,7834.2
KD1108,Kukuyi,Kagarko,Kaduna,18614.9,17306.4,3442.9,23757.0,3634.8
KD0707,Kafanchan A,Jema'A,Kaduna,14080.8,9347.7,1867.6,30195.3,2750.2
KD0701,Asso,Jema'A,Kaduna,39654.7,42700.9,8420.2,32213.3,7649.1
KD2010,Ninzo West,Sanga,Kaduna,15294.1,16266.9,3067.2,14701.7,2824.0
KD0802,Ankwa,Kachia,Kaduna,21013.8,22979.1,4480.3,23372.8,4013.0
KD0408,Rigachikun,Igabi,Kaduna,129609.2,124211.7,21308.6,213223.2,21984.2
KD0703,Barde,Jema'A,Kaduna,40852.5,34506.5,6809.8,40075.3,7883.4
KD0211,Sabon Tasha,Chikun,Kaduna,88817.0,72785.0,12045.4,154173.8,14392.2
KD1711,Saminaka,Lere,Kaduna,48755.7,41247.6,8334.1,51514.7,9683.3
KD0609,Sabzuro,Jaba,Kaduna,13966.7,11499.3,2277.7,11341.7,2702.1
KD0507,Pala,Ikara,Kaduna,20459.7,23954.6,4902.4,23578.1,4137.4
KD1810,Tudun Wada,Makarfi,Kaduna,22756.3,24778.2,5087.2,32322.3,4621.3
KD1808,Meyari,Makarfi,Kaduna,30554.8,28616.3,5782.7,31764.5,6099.2
KD1505,Kareh,Kubau,Kaduna,28199.2,32399.5,6705.1,36436.1,5745.5
KD1409,Kwassam,Kauru,Kaduna,29848.5,30798.8,6338.0,22496.2,6036.8
KD1511,Zuntu,Kubau,Kaduna,27339.8,21035.9,4353.4,29759.4,5570.4
KD0709,Kagoma,Jema'A,Kaduna,36094.5,39590.7,7844.7,39417.1,6988.6
KD0505,Kuya,Ikara,Kaduna,24407.5,30567.1,6213.3,31811.6,4905.0
KD0808,Kachia,Kachia,Kaduna,39709.5,31621.5,6168.0,43872.4,7586.3
KD1208,Maro,Kajuru,Kaduna,15931.4,19663.3,3666.4,15717.2,2904.4
KD0503,Jampalan,Ikara,Kaduna,37414.4,34773.6,7124.5,36024.3,7576.5
KD0902,Dadi Riba,Kaduna North,Kaduna,27755.0,18591.5,3013.8,17590.3,4391.3
KD0603,Dura Bitaro,Jaba,Kaduna,16628.4,15479.9,3071.3,14685.3,3223.7
KD0607,Nok,Jaba,Kaduna,12658.9,11974.9,2370.9,12488.1,2449.3
KD1609,Taba,Kudan,Kaduna,25463.5,24045.9,5005.4,27708.5,5218.2
KD0501,Auchan,Ikara,Kaduna,22968.1,21995.7,4498.3,24563.1,4644.2
KD1709,Raminkura,Lere,Kaduna,30800.9,28402.5,5737.1,30911.2,6116.0
KD0601,Chori,Jaba,Kaduna,26657.6,29251.3,5790.9,23083.6,5153.9
KD1806,Gwanki,Makarfi,Kaduna,20776.8,22905.5,4645.5,23890.8,4168.8
KD1110,Kushe,Kagarko,Kaduna,33403.6,33739.0,6727.2,37238.4,6535.7
KD1401,Badurum,Kauru,Kaduna,31246.0,27654.4,5667.5,26746.1,6291.8
KD2201,Gidan Jatau,Zangon Kataf,Kaduna,26370.2,25287.3,5052.2,35766.8,5150.5
KD0411,Turunku,Igabi,Kaduna,22556.5,23597.0,4753.9,49573.7,4466.1
KD2301,Dutsen Abba,Zaria,Kaduna,69727.9,79219.0,15377.6,62833.8,13242.5
KD1507,Kubau,Kubau,Kaduna,18673.8,17408.0,3596.8,30163.5,3800.5
KD1403,Damakasuwa,Kauru,Kaduna,36457.9,37624.3,7665.9,29538.4,7287.5
KD0708,Kafanchan B,Jema'A,Kaduna,10468.3,6895.5,1377.7,22889.9,2044.6
KD0602,Daddu,Jaba,Kaduna,32782.4,34694.2,6869.1,29279.1,6342.0
KD2207,Unguwan Rimi,Zangon Kataf,Kaduna,36710.7,33981.0,6789.2,57385.0,7170.1
KD0812,Sabon Sarki,Kachia,Kaduna,21598.5,22559.7,4406.5,32604.3,4131.8
KD0504,Kurmin Kogi,Ikara,Kaduna,65522.1,61529.2,12570.4,59876.2,13222.0
KD1405,Geshere,Kauru,Kaduna,40959.8,41413.4,8501.8,37221.9,8267.7
KD0810,Kurmin Musa,Kachia,Kaduna,16112.2,16879.6,3292.7,26363.2,3078.8
KD1703,Garu Mariri,Lere,Kaduna,101075.4,93512.2,18757.4,81494.9,19935.1
KD2111,Soba,Soba,Kaduna,57452.1,56201.5,11334.4,78002.3,11423.1
KD2305,Kufena,Zaria,Kaduna,109902.4,111206.0,20807.2,96523.4,20107.0
KD0509,Saulawa,Ikara,Kaduna,38062.2,39268.6,7959.8,37011.1,7622.8
KD1407,Kauru East,Kauru,Kaduna,27777.3,27881.7,5745.8,21234.7,5626.1
KD1306,Kpak,Kaura,Kaduna,25442.1,22655.7,4447.0,27916.2,4880.9
KD1701,Abadawa,Lere,Kaduna,48654.2,46884.2,9434.4,42843.2,9630.3
KD1201,Afogo,Kajuru,Kaduna,16877.7,18241.4,3337.5,11973.8,3023.7
KD0311,Yakawada,Giwa,Kaduna,42175.3,52019.0,10783.0,51934.8,8603.3
KD0202,Gwagwada,Chikun,Kaduna,28295.5,32577.1,5393.5,46079.9,4587.1
KD1304,Kadarko,Kaura,Kaduna,22217.7,22523.3,4413.4,19857.8,4256.8
KD0711,Maigizo,Jema'A,Kaduna,32372.2,29707.6,5929.1,56035.8,6318.0
KD0807,Gumel,Kachia,Kaduna,36273.4,35886.5,7050.1,39528.7,6984.6
KD1707,Lazuru Tuddai,Lere,Kaduna,56301.3,55631.0,11237.1,44338.0,11179.5
KD2004,Bokana,Sanga,Kaduna,24993.6,22236.8,4192.8,24432.0,4615.0
KD0704,Gidan Waya,Jema'A,Kaduna,63155.8,57364.4,11283.0,49224.2,12155.5
KD0706,Jagindi,Jema'A,Kaduna,91235.7,84405.4,16644.0,61950.7,17598.8
KD1207,Kufana,Kajuru,Kaduna,32369.0,28565.3,5226.3,27485.4,5799.0
KD0303,Gangara,Giwa,Kaduna,30491.3,31581.5,6494.6,36408.6,6176.6
KD1109,Kurmin Jibrin,Kagarko,Kaduna,10655.8,10231.0,2033.6,12614.6,2073.0
KD2006,Karshi,Sanga,Kaduna,54587.6,45169.4,8678.0,40489.4,10260.9
KD1604,Kauran Wali North,Kudan,Kaduna,9275.0,9865.2,2054.5,12359.5,1902.3
KD1205,Kallah,Kajuru,Kaduna,26190.2,26263.2,4827.2,24347.4,4712.8
KD2008,Ninzo North,Sanga,Kaduna,8305.8,8890.1,1676.3,8327.2,1533.6
KD2211,Zonzon,Zangon Kataf,Kaduna,32292.2,33400.0,6694.1,38321.8,6331.2
KD0510,Saya Saya,Ikara,Kaduna,24528.1,20903.4,4251.7,24927.0,4939.7
KD1308,Malagum,Kaura,Kaduna,16284.9,17350.9,3437.7,23890.2,3149.3
KD0806,Gidan Tagwai,Kachia,Kaduna,13017.8,14001.6,2783.2,20950.6,2530.1
KD0605,Fai,Jaba,Kaduna,11629.3,13795.1,2690.2,25316.6,2221.5
KD0409,Rigasa,Igabi,Kaduna,128622.2,129796.6,26149.0,496411.2,25466.7
KD1105,Kagarko North,Kagarko,Kaduna,13910.7,10380.6,2069.8,14936.0,2721.5
KD0212,Yelwa,Chikun,Kaduna,63727.4,70019.2,11375.1,76177.5,10103.2
KD2011,Wasa,Sanga,Kaduna,36587.3,29590.5,5784.3,29142.4,6985.9
KD1406,Kamaru,Kauru,Kaduna,13783.1,14779.5,2997.4,13147.6,2741.8
KD1509,Pambegua,Kubau,Kaduna,62130.8,56073.2,11601.2,67672.5,12653.2
KD1107,Katugal,Kagarko,Kaduna,34695.6,25380.2,5060.4,37201.3,6788.2
KD0604,Fada,Jaba,Kaduna,21154.7,14762.6,2924.1,17264.5,4092.7
KD1605,Kauran Wali South,Kudan,Kaduna,11289.2,9657.4,2011.2,10565.2,2315.4
KD2101,Danwata,Soba,Kaduna,24601.7,32474.0,6551.2,35068.6,4893.6
KD0803,Awon,Kachia,Kaduna,43388.0,39923.3,7784.0,36975.9,8285.9
KD1411,Pari,Kauru,Kaduna,17350.0,20066.6,4128.6,22292.3,3507.7
KD1101,Aribi,Kagarko,Kaduna,35341.8,37590.4,7419.2,56364.3,6838.0
KD1510,Zabi,Kubau,Kaduna,11339.7,13054.8,2701.7,16662.6,2310.4
KD0506,Paki,Ikara,Kaduna,23766.0,23519.0,4679.7,32218.1,4655.6
KD0608,Sabchem,Jaba,Kaduna,37289.3,31079.2,6155.9,21315.7,7214.1
KD2103,Garu,Soba,Kaduna,33361.1,37703.9,7603.9,44298.9,6633.2
KD0801,Agunu,Kachia,Kaduna,29870.7,29196.6,5671.1,26951.4,5678.0
KD0403,Fanshanu,Igabi,Kaduna,25281.4,25412.2,5120.1,61751.5,5007.9
KD1103,Jere North,Kagarko,Kaduna,46315.9,39203.3,7810.4,40420.3,9044.9
KD2105,Kinkiba,Soba,Kaduna,35595.0,30132.6,6074.3,40014.2,7075.0
KD0606,Nduya,Jaba,Kaduna,25283.8,22604.7,4474.6,19984.2,4888.0
KD1809,Nasarawa Wandoya,Makarfi,Kaduna,17369.8,13252.9,2697.0,20561.8,3492.4
KD0401,Afaka,Igabi,Kaduna,55283.5,56174.5,11289.0,129740.0,10922.2
KD0502,Ikara,Ikara,Kaduna,56446.7,49900.8,10219.1,54895.1,11427.2
KD1209,Rimau,Kajuru,Kaduna,18371.1,17865.7,3071.1,18402.5,3081.6
KD0702,Atuku,Jema'A,Kaduna,34113.1,35247.0,6915.6,24881.5,6543.3
KD2107,Maigana,Soba,Kaduna,50779.5,44277.2,8929.4,57150.4,10095.9
KD0805,Dokwa,Kachia,Kaduna,53037.0,50304.6,9769.0,45783.8,10050.7
KD2206,Unguwar Gaya,Zangon Kataf,Kaduna,33272.0,38926.4,7777.2,55756.5,6498.5
KD1805,Gubuchi,Makarfi,Kaduna,30360.4,31258.8,6316.6,34028.8,6060.4
KD0209,Rido,Chikun,Kaduna,200464.3,209969.9,35692.4,244024.0,33320.7
KD1503,Dutsen Wai,Kubau,Kaduna,32185.1,28544.3,5851.9,35952.7,6499.0
KD2202,Gora,Zangon Kataf,Kaduna,24045.2,24347.2,4864.4,28459.3,4696.4
KD1807,Makarfi,Makarfi,Kaduna,9487.5,10250.3,2071.3,16632.7,1893.8
KD0907,Sardauna,Kaduna North,Kaduna,12341.8,9116.4,1479.6,11161.3,1954.9
KD1402,Bital,Kauru,Kaduna,34910.1,34942.8,7192.4,28853.3,7062.0
KD1202,Buda,Kajuru,Kaduna,3600.5,4796.3,794.1,6180.9,583.7
KD0412,Zangon Aya,Igabi,Kaduna,34048.9,32090.4,6229.1,53517.9,6472.4
KD1803,Gazara,Makarfi,Kaduna,30986.2,32770.7,6651.6,38504.8,6208.7
KD2003,Ayu,Sanga,Kaduna,29792.2,33835.7,6417.7,35387.7,5529.1
KD2001,Aboro,Sanga,Kaduna,20884.9,20608.5,3935.0,18152.6,3894.7
KD0811,Kwaturu,Kachia,Kaduna,22751.4,25483.6,4968.6,33951.8,4344.9
KD2204,Kamantan,Zangon Kataf,Kaduna,27439.0,26081.3,5210.9,35516.3,5359.2
KD1610,Zabi,Kudan,Kaduna,20137.5,17513.9,3676.3,28119.9,4159.4
KD1307,Kukum,Kaura,Kaduna,25674.3,22436.5,4413.4,26025.4,4937.5
KD2110,Turawa,Soba,Kaduna,27567.9,28074.2,5662.9,39716.8,5482.4
KD1305,Kaura,Kaura,Kaduna,23608.6,24967.8,4895.5,24057.4,4526.4
KD0712,Takau,Jema'A,Kaduna,22478.1,21427.1,4264.0,34041.3,4374.1
KD2007,Nandu,Sanga,Kaduna,26320.2,25682.7,4856.5,22067.2,4873.9
KD0203,Kakau,Chikun,Kaduna,156193.7,173831.3,28663.4,239203.1,25231.6
KD2002,Arak,Sanga,Kaduna,52124.5,42423.7,8208.5,28411.5,9882.4
KD1310,Zankan,Kaura,Kaduna,28542.9,29287.3,5729.6,26068.1,5459.4
KD1302,Bondong,Kaura,Kaduna,21593.7,27134.7,5413.4,23256.4,4215.6
KD1309,Manchok,Kaura,Kaduna,38319.2,35912.8,7060.9,38608.8,7370.7
KD2313,Wuciciri,Zaria,Kaduna,40979.3,38953.2,7324.8,40140.5,7542.6
KD2303,Gyellesu,Zaria,Kaduna,118001.7,106340.1,19723.3,86546.7,21404.2
KD1706,Kudaru,Lere,Kaduna,53857.7,60658.4,12333.7,61451.5,10772.7
KD2311,Unguwar Fatika,Zaria,Kaduna,36204.2,34065.7,6386.3,45368.2,6639.3
KD2302,Dambo,Zaria,Kaduna,67543.2,56619.4,10538.0,52380.1,12301.7
KD0205,Kunai,Chikun,Kaduna,45067.0,38614.6,6481.0,68076.9,7410.7
KD1601,Doka,Kudan,Kaduna,21719.0,27903.4,5824.4,31750.1,4470.3
KD1508,Mah,Kubau,Kaduna,39849.5,38500.1,7959.9,53108.9,8114.4
KD1106,Kagarko South,Kagarko,Kaduna,50511.0,38742.9,7709.0,41924.4,9852.8
KD2102,Gamagira,Soba,Kaduna,32757.4,32960.7,6647.3,42032.6,6513.1
KD1606,Kudan,Kudan,Kaduna,27820.9,25592.9,5402.3,38931.2,5788.0
KD1410,Makami,Kauru,Kaduna,41594.6,38287.9,7853.3,50108.9,8394.9
KD0404,Gwaraji,Igabi,Kaduna,24580.8,23497.3,4568.2,54839.5,4709.1
KD0301,Danmahawayi,Giwa,Kaduna,30874.5,24930.1,5134.9,31452.2,6270.7
KD0309,Shika,Giwa,Kaduna,62253.8,46695.2,9529.2,59230.6,12567.6
KD1804,Gimi,Makarfi,Kaduna,27442.6,24271.7,4904.7,34529.3,5477.9
KD1506,Kargi,Kubau,Kaduna,60298.6,55476.5,11440.5,59400.0,12259.3
KD0204,Kujama,Chikun,Kaduna,63697.6,70115.1,12425.4,97236.0,11025.4
KD1705,Kayarda,Lere,Kaduna,35978.3,34391.8,6944.7,39074.2,7142.3
KD0407,Kwarau,Igabi,Kaduna,53300.1,45814.6,9229.9,107140.8,10553.3
KD1710,Sabon Birnin,Lere,Kaduna,49939.5,44612.2,9011.3,49529.1,9916.2
KD0405,Igabi,Igabi,Kaduna,23398.9,24614.3,4960.5,53472.6,4640.8
KD1708,Lere,Lere,Kaduna,32054.7,26289.3,5310.2,29127.4,6364.9
KD1408,Kauru West,Kauru,Kaduna,54458.1,45003.1,9263.6,37883.0,11017.0
KD1404,Dawaki,Kauru,Kaduna,53457.8,50088.2,10118.4,49456.8,10612.3
KD0508,Rumi,Ikara,Kaduna,48376.7,35803.7,7305.9,42082.8,9740.7
KD1702,Dan Alhaji,Lere,Kaduna,53471.9,48493.4,9776.5,62690.9,10608.8
KD0208,Nassarawa,Chikun,Kaduna,22965.2,16006.3,2844.6,43584.2,4018.6
KD0210,Sabon Gari Nassarawa,Chikun,Kaduna,52474.9,48526.5,9143.0,99273.8,9701.6
KD0106,Randagi,Birnin Gwari,Kaduna,43098.2,49318.7,10387.1,28390.7,8941.5
KD0201,Chikun,Chikun,Kaduna,33588.0,23855.9,4077.3,26454.4,5627.7
KD1909,Samaru,Sabon Gari,Kaduna,20475.5,21378.0,3688.6,33433.8,3447.3
KD0103,Magajin Gari 1,Birnin Gwari,Kaduna,31375.8,23581.9,4972.3,21757.4,6523.4
KD0104,Magajin Gari 2,Birnin Gwari,Kaduna,67827.6,54425.6,11475.1,51224.0,14100.2
KD0105,Magajin Gari 3,Birnin Gwari,Kaduna,37680.9,32659.9,6879.1,34230.7,7821.8
KD0102,Kakangi,Birnin Gwari,Kaduna,34041.2,50957.0,10726.5,26424.2,7056.4
KD0809,Katari,Kachia,Kaduna,28170.0,27188.6,5301.0,26568.8,5379.7
KD0804,Bishini,Kachia,Kaduna,30401.4,29589.6,5808.3,30368.9,5859.9
KD0410,Sabon Birnin,Igabi,Kaduna,27260.4,23116.6,4669.0,45695.4,5433.4
KD0402,Birnin Yero,Igabi,Kaduna,28401.7,31265.7,6298.8,51744.4,5623.5
KD1902,Bomo,Sabon Gari,Kaduna,46201.9,46212.2,7974.1,74415.1,7781.0
KD0308,Panhauya,Giwa,Kaduna,26511.6,26652.6,5369.1,32838.1,5214.2
